,cameraLocation,cameraNumber,cameraProject,Location 1,longitude,latitude,type
0,Eutaw and Lexington Market,1,Downtown,"(39.290996, -76.621073999999993)",-76.621074,39.290996,cctv
1,Eutaw and Fayette,2,Downtown,"(39.29048796517317, -76.623665143680341)",-76.6236651437,39.2904879652,cctv
2,Eutaw and Baltimore,3,Downtown,"(39.289324000000001, -76.620985000000005)",-76.620985,39.289324,cctv
3,Eutaw and Redwood,4,Downtown,"(39.288677999999997, -76.620947999999999)",-76.620948,39.288678,cctv
4,Eutaw and Lombard,5,Downtown,"(39.287528000000002, -76.620853999999994)",-76.620854,39.287528,cctv
5,Eutaw and Camden,6,Downtown,"(39.285245000000003, -76.620675000000006)",-76.620675,39.285245,cctv
6,Paca and Pratt,7,Downtown,"(39.286256999999999, -76.622129000000001)",-76.622129,39.286257,cctv
7,Greene and Lombard,8,Downtown,"(39.287415000000003, -76.623615999999998)",-76.623616,39.287415,cctv
8,Greene and Baltimore,9,Downtown,"(39.289222000000002, -76.623694999999998)",-76.623695,39.289222,cctv
9,Greene and Fayette,10,Downtown,"(39.290332999999997, -76.623777000000004)",-76.623777,39.290333,cctv
10,Greene and Lexington,11,Downtown,"(39.291376999999997, -76.623836999999995)",-76.623837,39.291377,cctv
11,Paca and Fayette,12,Downtown,"(39.290370000000003, -76.622411)",-76.622411,39.29037,cctv
12,S Howard St and W Lombard St,13,Downtown,"(39.289645356378202, -76.624159236676732)",-76.6241592367,39.2896453564,cctv
13,S Howard St and W Pratt St,14,Downtown,"(39.286315000000002, -76.619369000000006)",-76.619369,39.286315,cctv
14,S Howard St and W Camden St,15,Downtown,"(39.285302000000001, -76.619282999999996)",-76.619283,39.285302,cctv
15,S Hanover and W Pratt St,16,Downtown,"(39.286451999999997, -76.616191000000001)",-76.616191,39.286452,cctv
16,Hopkins Pl and W Lombard St,17,Downtown,"(39.287667999999996, -76.617692000000005)",-76.617692,39.287668,cctv
17,Park Ave and W Baltimore St,18,Downtown,"(39.289383999999998, -76.617789999999999)",-76.61779,39.289384,cctv
18,S Howard St and W Baltimore St,19,Downtown,"(39.289386, -76.619479999999996)",-76.61948,39.289386,cctv
19,N Howard St and W Fayette St,20,Downtown,"(39.290447, -76.619489999999999)",-76.61949,39.290447,cctv
20,N Howard St and W Lexington St,21,Downtown,"(39.291601999999997, -76.619664)",-76.619664,39.291602,cctv
21,Park Ave and W Lexington St,22,Downtown,"(39.291581000000001, -76.618020000000001)",-76.61802,39.291581,cctv
22,N Liberty St and W Lexington St,23,Downtown,"(39.291670000000003, -76.617084000000006)",-76.617084,39.29167,cctv
23,N Liberty St and W Fayette St,24,Downtown,"(39.290450999999997, -76.617673999999994)",-76.617674,39.290451,cctv
24,Park Ave and W Fayette St,25,Downtown,"(39.290500999999999, -76.617985000000004)",-76.617985,39.290501,cctv
25,N Liberty St and Clay St,26,Downtown,"(39.291982411793313, -76.617325843424382)",-76.6173258434,39.2919824118,cctv
26,Cathedral St and W Saratoga St,27,Downtown,"(39.293019000000001, -76.616776999999999)",-76.616777,39.293019,cctv
27,Cathedral St and W Mulberry St,28,Downtown,"(39.294052999999998, -76.616793000000001)",-76.616793,39.294053,cctv
28,N Charles St and E Mulberry St,29,Downtown,"(39.294150999999999, -76.615488999999997)",-76.615489,39.294151,cctv
29,Cathedral St and W Franklin St,30,Downtown,"(39.295048000000001, -76.616872000000001)",-76.616872,39.295048,cctv
30,Park Ave and W Franklin St,31,Downtown,"(39.295011000000002, -76.618324000000001)",-76.618324,39.295011,cctv
31,Park Ave and W Mulberry St,32,Downtown,"(39.294016999999997, -76.618223999999998)",-76.618224,39.294017,cctv
32,Park Ave and W Saratoga St,33,Downtown,"(39.292954000000002, -76.618157999999994)",-76.618158,39.292954,cctv
33,N Howard St and W Saratoga St,34,Downtown,"(39.292895999999999, -76.619658999999999)",-76.619659,39.292896,cctv
34,N Howard St and W Mulberry St,35,Downtown,"(39.293987000000001, -76.619772999999995)",-76.619773,39.293987,cctv
35,N Howard St and W Franklin St,36,Downtown,"(39.295446379148409, -76.620445568838903)",-76.6204455688,39.2954463791,cctv
36,N Howard St and W Centre St,37,Downtown,"(39.296208999999998, -76.619917000000001)",-76.619917,39.296209,cctv
37,N Eutaw St and George St,38,Downtown,"(39.295789999999997, -76.621317000000005)",-76.621317,39.29579,cctv
38,S Paca St and W Baltimore St,39,Downtown,"(39.289278000000003, -76.622330000000005)",-76.62233,39.289278,cctv
39,N Eutaw St and W Saratoga,40,Downtown,"(39.292830000000002, -76.621144999999999)",-76.621145,39.29283,cctv
40,N Paca St and W Saratoga St,41,Downtown,"(39.292822000000001, -76.622539000000003)",-76.622539,39.292822,cctv
41,N Paca St and W Mulberry St,42,Downtown,"(39.293837000000003, -76.622570999999994)",-76.622571,39.293837,cctv
42,N Paca St and W Lexington St,43,Downtown,"(39.291428000000003, -76.622440999999995)",-76.622441,39.291428,cctv
43,N Greene St and W Franklin St,44,Downtown,"(39.294792000000001, -76.623951000000005)",-76.623951,39.294792,cctv
44,N Greene St and W Saratoga St,45,Downtown,"(39.292839999999998, -76.623895000000005)",-76.623895,39.29284,cctv
45,N Eutaw St and W Franklin St,46,Downtown,"(39.294890000000002, -76.621260000000007)",-76.62126,39.29489,cctv
46,N Eutaw St and Druid Hill Ave,47,Downtown,"(39.296695865155179, -76.621270179748535)",-76.6212701797,39.2966958652,cctv
47,N Eutaw St and W Mulberry St,48,Downtown,"(39.293914999999998, -76.621199000000004)",-76.621199,39.293915,cctv
48,N Paca St and George St,49,Downtown,"(39.295791999999999, -76.622656000000006)",-76.622656,39.295792,cctv
49,Cathedral St and W Centre St,50,Downtown,"(39.296299405500001, -76.616957187699995)",-76.6169571877,39.2962994055,cctv
50,Center Plaza and ,51,Downtown,"(39.291321673796268, -76.616474390029907)",-76.61647439,39.2913216738,cctv
51,Hopkins Plaza and ,52,Downtown,"(39.288789080651917, -76.616270542144775)",-76.6162705421,39.2887890807,cctv
52,Charles and Baltimore,53,Downtown,"(39.289526000000002, -76.615144000000001)",-76.615144,39.289526,cctv
53,S Charles St and E Lombard St,54,Downtown,"(39.287744000000004, -76.614863)",-76.614863,39.287744,cctv
54,Saint Paul St and E Lexington St,55,Downtown,"(39.291170000000001, -76.613975999999994)",-76.613976,39.29117,cctv
55,Light St and E Redwood St,56,Downtown,"(39.288820219599998, -76.613717079200001)",-76.6137170792,39.2888202196,cctv
56,N Calvert St and E Fayette St,57,Downtown,"(39.290387000000003, -76.612448000000001)",-76.612448,39.290387,cctv
57,S Calvert St and E Redwood St,58,Downtown,"(39.288933, -76.612025000000003)",-76.612025,39.288933,cctv
58,S Calvert St and E Lombard St,59,Downtown,"(39.287824999999998, -76.612134999999995)",-76.612135,39.287825,cctv
59,Guilford Ave and E Lexington St,60,Downtown,"(39.291245000000004, -76.611114000000001)",-76.611114,39.291245,cctv
60,South St and E Baltimore St,61,Downtown,"(39.289701000000001, -76.611047999999997)",-76.611048,39.289701,cctv
61,South St and Water St,62,Downtown,"(39.288566000000003, -76.610961000000003)",-76.610961,39.288566,cctv
62,N Holiday St and E Saratoga St,63,Downtown,"(39.292495000000002, -76.610354999999998)",-76.610355,39.292495,cctv
63,N Holiday St and E Fayette St,64,Downtown,"(39.290497999999999, -76.610275999999999)",-76.610276,39.290498,cctv
64,CommerceSt and E Lombard St,65,Downtown,"(39.287849000000001, -76.610116000000005)",-76.610116,39.287849,cctv
65,CommerceSt and E Pratt St,66,Downtown,"(39.286662, -76.610022000000001)",-76.610022,39.286662,cctv
66,Custom House Ave and ,67,Downtown,"(39.289210493896313, -76.609755456447601)",-76.6097554564,39.2892104939,cctv
67,S Gay St and E Baltimore St,68,Downtown,"(39.289771999999999, -76.608945000000006)",-76.608945,39.289772,cctv
68,S Gay St and Water St,69,Downtown,"(39.288623999999999, -76.608832000000007)",-76.608832,39.288624,cctv
69,E Saratoga St and E Lexington St,70,Downtown,"(39.291377722, -76.607829630400005)",-76.6078296304,39.291377722,cctv
70,Market Pl and E Lombard St,71,Downtown,"(39.287903999999997, -76.606943999999999)",-76.606944,39.287904,cctv
71,Pearl St and W Lexington St,72,Downtown,"(39.291325000000001, -76.624647999999993)",-76.624648,39.291325,cctv
72,N Greene St and W Mulberry St,73,Downtown,"(39.293779000000001, -76.623930000000001)",-76.62393,39.293779,cctv
73,Druid Hill Ave and Saint Mary St,74,Downtown,"(39.297505383100003, -76.622871458500001)",-76.6228714585,39.2975053831,cctv
74,Pennsylvania Ave and Saint Mary St,75,Downtown,"(39.295821990357901, -76.625062823295593)",-76.6250628233,39.2958219904,cctv
75,N Eutaw St and W Monument St,76,Downtown,"(39.297269, -76.621448000000001)",-76.621448,39.297269,cctv
76,Saratoga and Charles,77,Downtown,"(39.292327, -76.615414000000001)",-76.615414,39.292327,cctv
77,Saint Paul St and Franklin,78,Downtown,"(39.295109528266927, -76.613870884137015)",-76.6138708841,39.2951095283,cctv
78,Charles and Fayette,79,Downtown,"(39.290628181254959, -76.614485357323218)",-76.6144853573,39.2906281813,cctv
79,E Fayette St and N Broadway,201,Broadway,"(39.293968, -76.594116999999997)",-76.594117,39.293968,cctv
80,E Fairmount Ave and N Broadway,202,Broadway,"(39.292631999999998, -76.594029000000006)",-76.594029,39.292632,cctv
81,E Baltimore St and S Broadway,203,Broadway,"(39.291542, -76.593943999999993)",-76.593944,39.291542,cctv
82,E Baltimore St and S Ann St,204,Broadway,"(39.291615999999998, -76.591776999999993)",-76.591777,39.291616,cctv
83,E Baltimore St and S Washington St,205,Broadway,"(39.291747000000001, -76.589201000000003)",-76.589201,39.291747,cctv
84,E Lombard St and S Broadway,206,Broadway,"(39.290399000000001, -76.593868999999998)",-76.593869,39.290399,cctv
85,E Lombard St and S Ann St,207,Broadway,"(39.290498999999997, -76.591710000000006)",-76.59171,39.290499,cctv
86,E Lombard St and S Durham St,208,Broadway,"(39.290520000000001, -76.591047000000003)",-76.591047,39.29052,cctv
87,E Lombard St and S Chapel St,209,Broadway,"(39.290554999999998, -76.589748999999998)",-76.589749,39.290555,cctv
88,E Lombard St and S Washington St,210,Broadway,"(39.290573000000002, -76.589106000000001)",-76.589106,39.290573,cctv
89,E Pratt St and S Broadway,211,Broadway,"(39.289256999999999, -76.593802999999994)",-76.593803,39.289257,cctv
90,E Pratt St and N Bond St,212,Broadway,"(39.289139912544471, -76.595711410045624)",-76.59571141,39.2891399125,cctv
91,Gough St and S Broadway,213,Broadway,"(39.287623000000004, -76.593704000000002)",-76.593704,39.287623,cctv
92,GoughSt and S Regester St,214,Broadway,"(39.287695999999997, -76.592432000000002)",-76.592432,39.287696,cctv
93,Bank St and S Broadway,215,Broadway,"(39.286608999999999, -76.593637999999999)",-76.593638,39.286609,cctv
94,Bank St and S Bond St,216,Broadway,"(39.286512000000002, -76.595439999999996)",-76.59544,39.286512,cctv
95,Bank St and Caroline St,217,Broadway,"(39.286467999999999, -76.596843000000007)",-76.596843,39.286468,cctv
96,Eastern Ave and S Broadway,218,Broadway,"(39.285578000000001, -76.593557000000004)",-76.593557,39.285578,cctv
97,Eastern Ave and S Ann St,219,Broadway,"(39.285685999999998, -76.591406000000006)",-76.591406,39.285686,cctv
98,Fleet St and S Broadway,220,Broadway,"(39.284603873545841, -76.59356564283371)",-76.5935656428,39.2846038735,cctv
99,Fleet St and S Broadway St (East),221,Broadway,"(39.284564000000003, -76.593260000000001)",-76.59326,39.284564,cctv
100,Fleet St and S Ann St,222,Broadway,"(39.284725999999999, -76.591352999999998)",-76.591353,39.284726,cctv
101,Fleet St and S Caroline St,223,Broadway,"(39.284424999999999, -76.596723999999995)",-76.596724,39.284425,cctv
102,Fleet St and S Eden St,224,Broadway,"(39.284345999999999, -76.598245000000006)",-76.598245,39.284346,cctv
103,S Broadway and Aliceanna St (East),225,Broadway,"(39.283534695712298, -76.593184769153595)",-76.5931847692,39.2835346957,cctv
104,Aliceanna and Broadway (West),226,Broadway,"(39.283388308477349, -76.5944198688385)",-76.5944198688,39.2833883085,cctv
105,ThamesSt and S Broadway,227,Broadway,"(39.281841, -76.593125000000001)",-76.593125,39.281841,cctv
106,2708 Berea Rd (rear),301,Cherry Hill,"(39.250638607403452, -76.632866403297797)",-76.6328664033,39.2506386074,cctv
107,1312 Shellbanks (rear),302,Cherry Hill,"(39.251197184331552, -76.631438758982554)",-76.631438759,39.2511971843,cctv
108,Berea Rd and Slater Rd,303,Cherry Hill,"(39.250115999999998, -76.633009999999999)",-76.63301,39.250116,cctv
109,2711 Berea Rd. (rear),304,Cherry Hill,"(39.250272000000002, -76.632756000000001)",-76.632756,39.250272,cctv
110,ShellbanksRd and Blyden Rd,305,Cherry Hill,"(39.250484, -76.631866000000002)",-76.631866,39.250484,cctv
111,1301 Slater Rd. (rear),306,Cherry Hill,"(39.249631000000001, -76.632949999999994)",-76.63295,39.249631,cctv
112,Bldg1200 (rear),307,Cherry Hill,"(39.250543061206614, -76.631404906511307)",-76.6314049065,39.2505430612,cctv
113,Fisk Rd and Slater Rd,308,Cherry Hill,"(39.248756, -76.632199999999997)",-76.6322,39.248756,cctv
114,1201 Slater Rd (rear),309,Cherry Hill,"(39.249011000000003, -76.631996999999998)",-76.631997,39.249011,cctv
115,Giles Rd and Shellbanks Rd,310,Cherry Hill,"(39.249721000000001, -76.630346000000003)",-76.630346,39.249721,cctv
116,2701 Giles Rd (rear) and Shellbanks,311,Cherry Hill,"(39.249428669638661, -76.629800209298963)",-76.6298002093,39.2494286696,cctv
117,Sethlow Rd and Slater Rd,312,Cherry Hill,"(39.248398000000002, -76.630831000000001)",-76.630831,39.248398,cctv
118,Spelman Rd and Woodview Rd,313,Cherry Hill,"(39.248578999999999, -76.629266000000001)",-76.629266,39.248579,cctv
119,Woodview Rd and Round Rd,314,Cherry Hill,"(39.248612000000001, -76.628517000000002)",-76.628517,39.248612,cctv
120,Community Center (rear),315,Cherry Hill,"(39.248153355084071, -76.629756689071655)",-76.6297566891,39.2481533551,cctv
121,Community Center (rear),316,Cherry Hill,"(39.247172308883442, -76.629873686328978)",-76.6298736863,39.2471723089,cctv
122,Spelman Rd and Claflin Ct,317,Cherry Hill,"(39.247048999999997, -76.628801999999993)",-76.628802,39.247049,cctv
123,2822 Round Rd,318,Cherry Hill,"(39.246384231202612, -76.627666172059293)",-76.6276661721,39.2463842312,cctv
124,Spelman Rd and S Denham Cir,319,Cherry Hill,"(39.245922537637647, -76.62829926966279)",-76.6282992697,39.2459225376,cctv
125,2810 Denham Cr (side),320,Cherry Hill,"(39.245531977693837, -76.628935317859728)",-76.6289353179,39.2455319777,cctv
126,2822 Denham Cr (rear),321,Cherry Hill,"(39.244515154168433, -76.628793776035309)",-76.628793776,39.2445151542,cctv
127,2824 N Denham Cir,322,Cherry Hill,"(39.244607999999999, -76.628546999999998)",-76.628547,39.244608,cctv
128,2820 Spelman Rd,323,Cherry Hill,"(39.244870362228532, -76.627979725599289)",-76.6279797256,39.2448703622,cctv
129,Bridgeview Rd and Spelman Rd,324,Cherry Hill,"(39.24516942056394, -76.627357222537825)",-76.6273572225,39.2451694206,cctv
130,2917 S Denham Cir (rear),325,Cherry Hill,"(39.244194490124123, -76.627524631997332)",-76.627524632,39.2441944901,cctv
131,2901 Denham Cir (side),326,Cherry Hill,"(39.244337638991567, -76.626670767401492)",-76.6266707674,39.244337639,cctv
132,3301 Round Rd,327,Cherry Hill,"(39.244914000000001, -76.62585)",-76.62585,39.244914,cctv
133,911 Coppin Court (rear),328,Cherry Hill,"(39.245027999999998, -76.624986000000007)",-76.624986,39.245028,cctv
134,Coppin Ct and Bunche Rd,329,Cherry Hill,"(39.245410999999997, -76.624342999999996)",-76.624343,39.245411,cctv
135,Bethune Rd and Bunche Rd,330,Cherry Hill,"(39.245061, -76.623825999999994)",-76.623826,39.245061,cctv
136,3411 Round Rd (rear),331,Cherry Hill,"(39.244008002869499, -76.62424372659882)",-76.6242437266,39.2440080029,cctv
137,3401 Round Rd,332,Cherry Hill,"(39.244001683321713, -76.624478718517977)",-76.6244787185,39.2440016833,cctv
138,BethuneRd and Spelman Rd,333,Cherry Hill,"(39.243617999999998, -76.626069000000001)",-76.626069,39.243618,cctv
139,1019 Bethune Rd (rear),334,Cherry Hill,"(39.242728, -76.626791999999995)",-76.626792,39.242728,cctv
140,3430 Spelman Rd,335,Cherry Hill,"(39.242838999999996, -76.625677999999994)",-76.625678,39.242839,cctv
141,3456 Spelman Rd,336,Cherry Hill,"(39.242624999999997, -76.625282999999996)",-76.625283,39.242625,cctv
142,3446 Spelman Rd(ParkingLot),337,Cherry Hill,"(39.242224999999998, -76.625502999999995)",-76.625503,39.242225,cctv
143,Spellman Rd LLC#7076,338,Cherry Hill,"(39.242505390473198, -76.623955070972443)",-76.623955071,39.2425053905,cctv
144,3486 Spelman Rd,339,Cherry Hill,"(39.242170774792697, -76.62413024444065)",-76.6241302444,39.2421707748,cctv
145,Seagull Ave UMBC (rear),340,Cherry Hill,"(39.242914618344123, -76.622294783592224)",-76.6222947836,39.2429146183,cctv
146,Seagull Ave LLC#7076,341,Cherry Hill,"(39.243299999999998, -76.622775000000004)",-76.622775,39.2433,cctv
147,835 Seagull Ave (rear),342,Cherry Hill,"(39.244501652072167, -76.620795428752899)",-76.6207954288,39.2445016521,cctv
148,835 Seagull Ave,343,Cherry Hill,"(39.244782999999998, -76.621161000000001)",-76.621161,39.244783,cctv
149,Seagull Ave and Bethune Rd,344,Cherry Hill,"(39.245257000000002, -76.620875999999996)",-76.620876,39.245257,cctv
150,Carver Rd School,345,Cherry Hill,"(39.246365955380391, -76.624683290719986)",-76.6246832907,39.2463659554,cctv
151,Carver Rd and Bridgeview Rd,346,Cherry Hill,"(39.246813000000003, -76.625399999999999)",-76.6254,39.246813,cctv
152,2805 Carver Rd (rear),347,Cherry Hill,"(39.247805999999997, -76.625636)",-76.625636,39.247806,cctv
153,2627 Carver Rd,348,Cherry Hill,"(39.247836, -76.626255999999998)",-76.626256,39.247836,cctv
154,2609 Carver Rd,349,Cherry Hill,"(39.248641999999997, -76.625821999999999)",-76.625822,39.248642,cctv
155,2615 Carver Rd (circle),350,Cherry Hill,"(39.248449999999998, -76.625321999999997)",-76.625322,39.24845,cctv
156,Carver Rd Rec Center,351,Cherry Hill,"(39.246398470557722, -76.624347830690354)",-76.6243478307,39.2463984706,cctv
157,Maint Backyard 1,352,Cherry Hill,"(39.248239556242559, -76.630860418081284)",-76.6308604181,39.2482395562,cctv
158,Maint Backyard 2,353,Cherry Hill,"(39.248008993870499, -76.630664616823196)",-76.6306646168,39.2480089939,cctv
159,Community Center (rear),354,Cherry Hill,"(39.24849608195489, -76.629692316055298)",-76.6296923161,39.248496082,cctv
160,Maint Garage Doors,355,Cherry Hill,"(39.247959142447137, -76.631044149398804)",-76.6310441494,39.2479591424,cctv
161,Community Center 2 (rear),356,Cherry Hill,"(39.248111812319252, -76.6305211186409)",-76.6305211186,39.2481118123,cctv
162,Eastern Ave and S Macon St,401,Greektown,"(39.287016000000001, -76.557327000000001)",-76.557327,39.287016,cctv
163,Eastern Ave and Oldham St,402,Greektown,"(39.287050000000001, -76.555809999999994)",-76.55581,39.28705,cctv
164,Eastern Ave and S Lehigh St,403,Greektown,"(39.287142000000003, -76.558053000000001)",-76.558053,39.287142,cctv
165,Eastern Ave and S Newkirk St,404,Greektown,"(39.287033999999998, -76.556591999999995)",-76.556592,39.287034,cctv
166,Eastern Ave and S Ponca St,405,Greektown,"(39.287101999999997, -76.554980999999998)",-76.554981,39.287102,cctv
167,Guilford Ave and E 28th St,501,Greenmount,"(39.32208, -76.613155000000006)",-76.613155,39.32208,cctv
168,Greenmount Ave and E 28th St,502,Greenmount,"(39.322150000000001, -76.609508000000005)",-76.609508,39.32215,cctv
169,Greenmount Ave and E 27th St,503,Greenmount,"(39.320922000000003, -76.609532000000002)",-76.609532,39.320922,cctv
170,Barclay St and E 27th St,504,Greenmount,"(39.320880000000002, -76.611146000000005)",-76.611146,39.32088,cctv
171,Barclay St and Whitridge Ave,505,Greenmount,"(39.321522999999999, -76.611159000000001)",-76.611159,39.321523,cctv
172,Greenmount Ave and E Lorraine Ave,506,Greenmount,"(39.320011999999998, -76.609532000000002)",-76.609532,39.320012,cctv
173,Guilford Ave and E 26th St,507,Greenmount,"(39.319519999999997, -76.612954000000002)",-76.612954,39.31952,cctv
174,Falls St Alley and E 25th St,508,Greenmount,"(39.318060000000003, -76.612168999999994)",-76.612169,39.31806,cctv
175,Greenmount Ave and E 25th St,509,Greenmount,"(39.318148000000001, -76.609463000000005)",-76.609463,39.318148,cctv
176,Boone St and E 24th St,510,Greenmount,"(39.316587576869253, -76.608768403530121)",-76.6087684035,39.3165875769,cctv
177,Cokesbury Ave and E 23rd St,511,Greenmount,"(39.316037000000001, -76.607444999999998)",-76.607445,39.316037,cctv
178,Brentwood Ave and E 24th St,512,Greenmount,"(39.316257, -76.610428999999996)",-76.610429,39.316257,cctv
179,Greenmount Ave and E 23rd St,513,Greenmount,"(39.315491000000002, -76.609523999999993)",-76.609524,39.315491,cctv
180,Guilford Ave and E 23rd St,514,Greenmount,"(39.315424, -76.612717000000004)",-76.612717,39.315424,cctv
181,E 23rd St and Boone St,515,Greenmount,"(39.315440000000002, -76.608204000000001)",-76.608204,39.31544,cctv
182,Greenmount Ave and E 22nd St,516,Greenmount,"(39.314506999999999, -76.609555999999998)",-76.609556,39.314507,cctv
183,HomewoodAve and E 22nd St,517,Greenmount,"(39.314627999999999, -76.607321999999996)",-76.607322,39.314628,cctv
184,BarclaySt and 21st1/2 St,518,Greenmount,"(39.314009206095243, -76.611210554838181)",-76.6112105548,39.3140092061,cctv
185,GuilfordAve and E 21st St,519,Greenmount,"(39.313395999999997, -76.612605000000002)",-76.612605,39.313396,cctv
186,BooneSt and E 21st St,520,Greenmount,"(39.313540000000003, -76.608453999999995)",-76.608454,39.31354,cctv
187,Greenmount Ave and Worsley St,521,Greenmount,"(39.312736999999998, -76.609537000000003)",-76.609537,39.312737,cctv
188,Barclay St and E 20th St,522,Greenmount,"(39.312432000000001, -76.611052000000001)",-76.611052,39.312432,cctv
189,Barclay St and Heaver St,523,Greenmount,"(39.312016999999997, -76.61103)",-76.61103,39.312017,cctv
190,Greenmount Ave and E North Ave,524,Greenmount,"(39.311215950332382, -76.609618663787842)",-76.6096186638,39.3112159503,cctv
191,E North Ave and Guilford Ave,525,Greenmount,"(39.311306000000002, -76.611808999999994)",-76.611809,39.311306,cctv
192,N Calvert St and McAllister St,526,Greenmount,"(39.310576764688527, -76.613631248474121)",-76.6136312485,39.3105767647,cctv
193,Guilford Ave and E Lafayette Ave,527,Greenmount,"(39.310091, -76.612380000000002)",-76.61238,39.310091,cctv
194,Barclay St and E Lafayette Ave,528,Greenmount,"(39.310032999999997, -76.610892000000007)",-76.610892,39.310033,cctv
195,Barclay St and Pitman Pl,529,Greenmount,"(39.308463000000003, -76.610750999999993)",-76.610751,39.308463,cctv
196,Greenmount Ave and E Preston St,530,Greenmount,"(39.304839000000001, -76.608198999999999)",-76.608199,39.304839,cctv
197,Greenmount Ave and E Biddle St,531,Greenmount,"(39.303781999999998, -76.607929999999996)",-76.60793,39.303782,cctv
198,Greenmount Ave and E Chase St,532,Greenmount,"(39.302734000000001, -76.607641999999998)",-76.607642,39.302734,cctv
199,Greenmount Ave and E Eager St,533,Greenmount,"(39.301361, -76.607269000000002)",-76.607269,39.301361,cctv
200,Greenmount Ave and E 29th St,534,Greenmount,"(39.324668506886333, -76.612491308403833)",-76.6124913084,39.3246685069,cctv
201,Greenmount Ave and E 30th St,535,Greenmount,"(39.323561803873233, -76.608828638501038)",-76.6088286385,39.3235618039,cctv
202,Greenmount Ave and E 31st St,536,Greenmount,"(39.325619074558503, -76.608588963083704)",-76.6085889631,39.3256190746,cctv
203,Greenmount Ave and E 32nd St,537,Greenmount,"(39.327658005347253, -76.609099552615518)",-76.6090995526,39.3276580053,cctv
204,Greenmount Ave and E 33rd St,538,Greenmount,"(39.328971981558936, -76.609427388260741)",-76.6094273883,39.3289719816,cctv
205,E Monument St and N Chester St,601,Monument,"(39.298647000000003, -76.587868999999998)",-76.587869,39.298647,cctv
206,McElderry St and N Duncan St,602,Monument,"(39.297607091153168, -76.587149798870087)",-76.5871497989,39.2976070912,cctv
207,E Monument St and Collington,603,Monument,"(39.298690999999998, -76.586667000000006)",-76.586667,39.298691,cctv
208,E Madison St and N Mederia St,604,Monument,"(39.299697261790918, -76.585991084575653)",-76.5859910846,39.2996972618,cctv
209,E Monument St and N Patterson Park Ave,605,Monument,"(39.298669827220472, -76.584993302822113)",-76.5849933028,39.2986698272,cctv
210,McElderry St and N Bradford St,606,Monument,"(39.297621620856617, -76.584298610687256)",-76.5842986107,39.2976216209,cctv
211,E Monument St and N Montford Ave,607,Monument,"(39.298806999999996, -76.583720999999997)",-76.583721,39.298807,cctv
212,E Madison St and N Port,608,Monument,"(39.299892999999997, -76.583081000000007)",-76.583081,39.299893,cctv
213,E Monument St and N Milton Ave,609,Monument,"(39.298861000000002, -76.582318999999998)",-76.582319,39.298861,cctv
214,McElderry St and N Rose St,610,Monument,"(39.297810506700003, -76.581468880200006)",-76.5814688802,39.2978105067,cctv
215,E Monument St and N Luzerne Ave,611,Monument,"(39.298915000000001, -76.580905000000001)",-76.580905,39.298915,cctv
216,E Madison St and N Glover St,612,Monument,"(39.299996999999998, -76.580263000000002)",-76.580263,39.299997,cctv
217,E Monument St and N Lakewood Ave,613,Monument,"(39.298966, -76.579492999999999)",-76.579493,39.298966,cctv
218,McElderry St and N Belnord Ave,614,Monument,"(39.297950614048887, -76.578631103038788)",-76.578631103,39.297950614,cctv
219,E Monument St and N Kenwood Ave,615,Monument,"(39.299028999999997, -76.578085000000002)",-76.578085,39.299029,cctv
220,E Madison St and N Streeper St,616,Monument,"(39.300113000000003, -76.577437000000003)",-76.577437,39.300113,cctv
221,McElderry St and N Linwood Ave,617,Monument,"(39.297907025134357, -76.57646656036377)",-76.5764665604,39.2979070251,cctv
222,E Monument St and N Curley St,618,Monument,"(39.299112000000001, -76.575962000000004)",-76.575962,39.299112,cctv
223,McElderry St and N Potomac St,619,Monument,"(39.298065813192402, -76.575066447257996)",-76.5750664473,39.2980658132,cctv
224,E Monument St and Decker,620,Monument,"(39.299093256600003, -76.574417352699996)",-76.5744173527,39.2990932566,cctv
225,E Madison St and N Ellwood Ave,621,Monument,"(39.300243000000002, -76.573908000000003)",-76.573908,39.300243,cctv
226,E Monument St and N Robinson St,622,Monument,"(39.299225, -76.573121)",-76.573121,39.299225,cctv
227,E Madison St and N Curley St,623,Monument,"(39.300151, -76.576040000000006)",-76.57604,39.300151,cctv
228,McElderry St and N Robinson St,624,Monument,"(39.298040905285539, -76.573086977005005)",-76.573086977,39.2980409053,cctv
229,Milton St and E Biddle St,625,Monument,"(39.304777000000001, -76.582694000000004)",-76.582694,39.304777,cctv
230,Montford St and Ashland Ave,626,Monument,"(39.300884552380921, -76.584317046748225)",-76.5843170467,39.3008845524,cctv
231,N Collington St and E Jefferson St,627,Monument,"(39.296416312853111, -76.586668586782082)",-76.5866685868,39.2964163129,cctv
232,E Jefferson St and N Glover St,628,Monument,"(39.296763545127817, -76.579963795700948)",-76.5799637957,39.2967635451,cctv
233,Thomas Ave and Presbury St,701,North Ave West,"(39.307524000000001, -76.658071000000007)",-76.658071,39.307524,cctv
234,Thomas Ave and Westwood Ave,702,North Ave West,"(39.308432000000003, -76.658114999999995)",-76.658115,39.308432,cctv
235,W North Ave and Thomas Ave,703,North Ave West,"(39.309430999999996, -76.658180000000002)",-76.65818,39.309431,cctv
236,N Warwick Ave and Westwood Ave,704,North Ave West,"(39.308489000000002, -76.657154000000006)",-76.657154,39.308489,cctv
237,Moreland Ave and Westwood Ave,705,North Ave West,"(39.308514000000002, -76.655912000000001)",-76.655912,39.308514,cctv
238,W North Ave and Moreland Ave,706,North Ave West,"(39.309508000000001, -76.655994000000007)",-76.655994,39.309508,cctv
239,N Bentalou St and Westwood Ave,707,North Ave West,"(39.308598000000003, -76.654071000000002)",-76.654071,39.308598,cctv
240,N Smallwood St and Westwood Ave,708,North Ave West,"(39.308666000000002, -76.652665999999996)",-76.652666,39.308666,cctv
241,W North Ave and N Smallwood St,709,North Ave West,"(39.309612999999999, -76.652711999999994)",-76.652712,39.309613,cctv
242,N Smallwood St and Ridgehill Ave,710,North Ave West,"(39.311245, -76.652804000000003)",-76.652804,39.311245,cctv
243,N Pulaski St and Westwood Ave,711,North Ave West,"(39.308694000000003, -76.651258999999996)",-76.651259,39.308694,cctv
244,W North Ave and N Pulaski St,712,North Ave West,"(39.30968, -76.651338999999993)",-76.651339,39.30968,cctv
245,N Pulaski St and Herbert St,713,North Ave West,"(39.310218999999996, -76.651375999999999)",-76.651376,39.310219,cctv
246,N Pulaski St and Walbrook Ave,714,North Ave West,"(39.310763000000001, -76.651397000000003)",-76.651397,39.310763,cctv
247,W North Ave and N Payson St,715,North Ave West,"(39.309730000000002, -76.649921000000006)",-76.649921,39.30973,cctv
248,N Payson St and Herbert St,716,North Ave West,"(39.310392, -76.649955000000006)",-76.649955,39.310392,cctv
249,N Payson St and Walbrook Ave,717,North Ave West,"(39.310831, -76.649987999999993)",-76.649988,39.310831,cctv
250,N Payson St and Ridgehill Ave,718,North Ave West,"(39.311579999999999, -76.650011000000006)",-76.650011,39.31158,cctv
251,Appleton St and Westwood Ave,719,North Ave West,"(39.308785, -76.648995999999997)",-76.648996,39.308785,cctv
252,N Monroe St and Westwood Ave,720,North Ave West,"(39.308812000000003, -76.648123999999996)",-76.648124,39.308812,cctv
253,W North Ave and N Monroe St,721,North Ave West,"(39.309812999999998, -76.648179999999996)",-76.64818,39.309813,cctv
254,N Monroe St and Walbrook Ave,722,North Ave West,"(39.310882999999997, -76.648236999999995)",-76.648237,39.310883,cctv
255,N Fulton Ave and Westwood Ave,723,North Ave West,"(39.308852999999999, -76.646458999999993)",-76.646459,39.308853,cctv
256,W North Ave and N Fulton Ave,724,North Ave West,"(39.309888999999998, -76.646518)",-76.646518,39.309889,cctv
257,N Fulton Ave and Walbrook Ave,725,North Ave West,"(39.310847589188782, -76.646633148193359)",-76.6466331482,39.3108475892,cctv
258,N Mount St and Westwood Ave,726,North Ave West,"(39.308892999999998, -76.644946000000004)",-76.644946,39.308893,cctv
259,W North Ave and N Carey St,727,North Ave West,"(39.310023999999999, -76.643720000000002)",-76.64372,39.310024,cctv
260,W North Ave and Pennsylvania Ave,728,North Ave West,"(39.309890878794228, -76.642392575740814)",-76.6423925757,39.3098908788,cctv
261,Cumberland St and N Calhoun St,729,North Ave West,"(39.308031, -76.643488888899995)",-76.6434888889,39.308031,cctv
262,Cumberland St and Pennsylvania Ave,730,North Ave West,"(39.309211212161479, -76.641625463962555)",-76.641625464,39.3092112122,cctv
263,W North Ave and Division St,731,North Ave West,"(39.310153, -76.640912)",-76.640912,39.310153,cctv
264,Whitelock St and Woodbrook Ave,732,North Ave West,"(39.310515000000002, -76.641210000000001)",-76.64121,39.310515,cctv
265,Etting St and Whitelock St,733,North Ave West,"(39.310861000000003, -76.640703999999999)",-76.640704,39.310861,cctv
266,Whitelock St and Francis St,734,North Ave West,"(39.311185000000002, -76.640141)",-76.640141,39.311185,cctv
267,Druid Hill Ave and Whitelock St,735,North Ave West,"(39.311560444069663, -76.639295965433121)",-76.6392959654,39.3115604441,cctv
268,W North and Bentalou St,737,North Ave West,"(39.309501617701322, -76.653885044455293)",-76.6538850445,39.3095016177,cctv
269,W North Ave and McCulloh St,742,North Ave West,"(39.310319, -76.636985999999993)",-76.636986,39.310319,cctv
270,Reisterstown Rd and Keyworth Ave,801,Park Heights,"(39.33267, -76.663122000000001)",-76.663122,39.33267,cctv
271,Reisterstown Rd and Shirley Ave,802,Park Heights,"(39.333872999999997, -76.664030999999994)",-76.664031,39.333873,cctv
272,Towonda Ave and Oswego Ave,803,Park Heights,"(39.334465470898927, -76.665989309549332)",-76.6659893095,39.3344654709,cctv
273,Reisterstown Rd and Grantley Ave,804,Park Heights,"(39.337570999999997, -76.666883999999996)",-76.666884,39.337571,cctv
274,Boarman Ave and Willowdale Ave,805,Park Heights,"(39.337273000000003, -76.669476000000003)",-76.669476,39.337273,cctv
275,Park Heights Ave and W Garrison Ave,806,Park Heights,"(39.347399273677432, -76.673582643270493)",-76.6735826433,39.3473992737,cctv
276,Reisterstown Rd and Laporte St,807,Park Heights,"(39.339444999999998, -76.668406000000004)",-76.668406,39.339445,cctv
277,Reisterstown Rd and St Ambrose Ave,808,Park Heights,"(39.340273013265822, -76.671485155820847)",-76.6714851558,39.3402730133,cctv
278,W Belvedere Ave and Litchfield Ave,809,Park Heights,"(39.346305000000001, -76.680280999999994)",-76.680281,39.346305,cctv
279,Park Heights Ave and Woodland,810,Park Heights,"(39.345194999999997, -76.671400000000006)",-76.6714,39.345195,cctv
280,W Garrison Ave and Denmore Ave,811,Park Heights,"(39.346727999999999, -76.674801000000002)",-76.674801,39.346728,cctv
281,W Garrison Ave and Palmer Ave,812,Park Heights,"(39.348089000000002, -76.672387000000001)",-76.672387,39.348089,cctv
282,Pimlico Rd and Sumter Ave,813,Park Heights,"(39.342396999999998, -76.666713999999999)",-76.666714,39.342397,cctv
283,Pimlico Rd and W Cold Spring Ln,814,Park Heights,"(39.340200408998818, -76.665105521678925)",-76.6651055217,39.340200409,cctv
284,Quantico Ave and Pimlico Rd,815,Park Heights,"(39.337417000000002, -76.662932999999995)",-76.662933,39.337417,cctv
285,Pimlico Rd and Loyola Northway,816,Park Heights,"(39.338539825106103, -76.663619577884674)",-76.6636195779,39.3385398251,cctv
286,Pimlico Rd and Rosewood Ave,817,Park Heights,"(39.338999000000001, -76.663973999999996)",-76.663974,39.338999,cctv
287,Winner Ave and Avondale Ave,818,Park Heights,"(39.352872860050837, -76.677682399749756)",-76.6776823997,39.3528728601,cctv
288,Park Heights Ave and Hayward Ave,819,Park Heights,"(39.350004414106863, -76.678873300552368)",-76.6788733006,39.3500044141,cctv
289,Park Heights Ave and Rogers,820,Park Heights,"(39.351854502630033, -76.683323085308075)",-76.6833230853,39.3518545026,cctv
290,Park Heights Ave and Manhattan Ave,821,Park Heights,"(39.353014931138532, -76.685236841440201)",-76.6852368414,39.3530149311,cctv
291,Park Heights Ave and Glen Ave,822,Park Heights,"(39.355662378191383, -76.688167154788971)",-76.6881671548,39.3556623782,cctv
292,Park Heights Ave and Taney,823,Park Heights,"(39.357404474299997, -76.691223531999995)",-76.691223532,39.3574044743,cctv
293,Park Heights Ave and W Strathmore Ave,824,Park Heights,"(39.358776344382562, -76.693901717662811)",-76.6939017177,39.3587763444,cctv
294,Park Heights Ave and Fords Ln,825,Park Heights,"(39.360161667345743, -76.696571856737137)",-76.6965718567,39.3601616673,cctv
295,Park Heights Ave and Clarks Ln,826,Park Heights,"(39.362361951686736, -76.699659079313278)",-76.6996590793,39.3623619517,cctv
296,Park Heights Ave and Fallstaff Rd,827,Park Heights,"(39.364946834328506, -76.702818721532822)",-76.7028187215,39.3649468343,cctv
297,Park Heights Ave and W Belvedere Ave,828,Park Heights,"(39.348869862497963, -76.675850450992584)",-76.675850451,39.3488698625,cctv
298,Park Heights Ave and Virginia Ave,829,Park Heights,"(39.344110560038978, -76.67046993970871)",-76.6704699397,39.34411056,cctv
299,Park Heights Ave and Wiley Ave,830,Park Heights,"(39.341017721250637, -76.667569130659103)",-76.6675691307,39.3410177213,cctv
300,Park Heights Ave and Oswego Ave,831,Park Heights,"(39.335630000000002, -76.66328)",-76.66328,39.33563,cctv
301,Park Heights Ave and Trainor Ave(JCC),832,Park Heights,"(39.353895350633891, -76.686284244060516)",-76.6862842441,39.3538953506,cctv
302,Park Heights Ave and Trainor Ave,833,Park Heights,"(39.354996637140353, -76.68757438659668)",-76.6875743866,39.3549966371,cctv
303,Park Heights Ave and Menlo Dr,834,Park Heights,"(39.356444252882831, -76.689694672822952)",-76.6896946728,39.3564442529,cctv
304,Park Heights Ave and Pinkney Rd,835,Park Heights,"(39.358184255604137, -76.692777872085571)",-76.6927778721,39.3581842556,cctv
305,Park Heights Ave and W Strathmore Ave,836,Park Heights,"(39.359001357541032, -76.694333553314209)",-76.6943335533,39.3590013575,cctv
306,Park Heights Ave and Bancroft Rd,837,Park Heights,"(39.360900978911133, -76.697849929332733)",-76.6978499293,39.3609009789,cctv
307,Park Heights Ave and NBancroft Rd,838,Park Heights,"(39.361738786766793, -76.698879897594452)",-76.6988798976,39.3617387868,cctv
308,3500 Northern Pkwy (E&T),839,Park Heights,"(39.353595258045338, -76.684169673767315)",-76.6841696738,39.353595258,cctv
309,Park Heights Ave and Oakford Ave,840,Park Heights,"(39.340351364702592, -76.666938371828593)",-76.6669383718,39.3403513647,cctv
310,W North Ave and Bloomingdale Rd,901,Southwest District,"(39.308965000000001, -76.671139999999994)",-76.67114,39.308965,cctv
311,W North Ave and N Rosedale St,902,Southwest District,"(39.309002, -76.669337999999996)",-76.669338,39.309002,cctv
312,W North Ave and N Longwood St,903,Southwest District,"(39.309078999999997, -76.667563000000001)",-76.667563,39.309079,cctv
313,W North Ave and Poplar Grove St,904,Southwest District,"(39.309231965438812, -76.665668785572052)",-76.6656687856,39.3092319654,cctv
314,W North Ave and N Dukeland St,905,Southwest District,"(39.309212000000002, -76.664032000000006)",-76.664032,39.309212,cctv
315,W North Ave and Braddish Ave,906,Southwest District,"(39.309311000000001, -76.661154999999994)",-76.661155,39.309311,cctv
316,Westwood Ave (Dead End),907,Southwest District,"(39.308177691165163, -76.664770245552063)",-76.6647702456,39.3081776912,cctv
317,N Rosedale St and Grayson St,908,Southwest District,"(39.306477999999998, -76.669179)",-76.669179,39.306478,cctv
318,Poplar Grove St and Presbury St,909,Southwest District,"(39.307158682628923, -76.665568202733994)",-76.6655682027,39.3071586826,cctv
319,Baker St and N Dukeland St,910,Southwest District,"(39.306043000000003, -76.663825000000003)",-76.663825,39.306043,cctv
320,Bloomingdale Rd and Brighton St,911,Southwest District,"(39.305242, -76.667005000000003)",-76.667005,39.305242,cctv
321,Poplar Grove St and Pressman St,912,Southwest District,"(39.304660907503369, -76.665592342615128)",-76.6655923426,39.3046609075,cctv
322,Bloomingdale Rd and Belmont Ave,913,Southwest District,"(39.303537035276207, -76.666169017553329)",-76.6661690176,39.3035370353,cctv
323,N Rosedale St and Normount Ct,914,Southwest District,"(39.302957999999997, -76.668977999999996)",-76.668978,39.302958,cctv
324,Winchester St and N Longwood St,915,Southwest District,"(39.301316, -76.667342000000005)",-76.667342,39.301316,cctv
325,Bloomingdale Rd and Ellicott Driveway,916,Southwest District,"(39.302175496456357, -76.665651351213455)",-76.6656513512,39.3021754965,cctv
326,Ellicott Driveway and N Dukeland St,917,Southwest District,"(39.30243390029608, -76.66352704167366)",-76.6635270417,39.3024339003,cctv
327,Poplar Grove St and Riggs Ave,918,Southwest District,"(39.300189179671143, -76.665129661560059)",-76.6651296616,39.3001891797,cctv
328,Mosher St and N Dukeland St,919,Southwest District,"(39.299255000000002, -76.663437000000002)",-76.663437,39.299255,cctv
329,Poplar Grove St and W Lafayette Ave,920,Southwest District,"(39.297976559818473, -76.665206104516983)",-76.6652061045,39.2979765598,cctv
330,N Franklintown Rd and N Longwood St,921,Southwest District,"(39.296934999999998, -76.666835000000006)",-76.666835,39.296935,cctv
331,Poplar Grove St and Rayner Ave,922,Southwest District,"(39.296185241301409, -76.66509747505188)",-76.6650974751,39.2961852413,cctv
332,Poplar Grove St and Edmonson Ave,923,Southwest District,"(39.294520498647252, -76.664807796478271)",-76.6648077965,39.2945204986,cctv
333,Edmonson Ave and Braddish Ave,924,Southwest District,"(39.294743642883837, -76.659277081489563)",-76.6592770815,39.2947436429,cctv
334,Edmonson Ave and N Warwick Ave,925,Southwest District,"(39.294821483729272, -76.656215339899063)",-76.6562153399,39.2948214837,cctv
335,Edmonson Ave and Denison St,926,Southwest District,"(39.294188375675823, -76.674053370952606)",-76.674053371,39.2941883757,cctv
336,Edmonson Ave and Swan Ave,927,Southwest District,"(39.293488836513561, -76.693826615810394)",-76.6938266158,39.2934888365,cctv
337,Edmonson Ave and N Loudon Ave,928,Southwest District,"(39.293879084741981, -76.682463437318802)",-76.6824634373,39.2938790847,cctv
338,Edmonson Ave and Allendale St,929,Southwest District,"(39.294061753378138, -76.678285896778107)",-76.6782858968,39.2940617534,cctv
339,N Rosedale St and Brighton St,930,Southwest District,"(39.304449753980592, -76.668744746696802)",-76.6687447467,39.304449754,cctv
340,Riggs Ave and Dukeland St,931,Southwest District,"(39.30051054141488, -76.664808250587782)",-76.6648082506,39.3005105414,cctv
341,Riggs Ave and Braddish Ave,932,Southwest District,"(39.300825609370811, -76.664776017663257)",-76.6647760177,39.3008256094,cctv
342,W Pratt St and S Stricker St,1001,Tri-District,"(39.285454000000001, -76.640803000000005)",-76.640803,39.285454,cctv
343,McHenry St and Stricker St,1002,Tri-District,"(39.284448169100003, -76.640737652799999)",-76.6407376528,39.2844481691,cctv
344,S Stricker St and Ramsay St,1003,Tri-District,"(39.283346000000002, -76.640686000000002)",-76.640686,39.283346,cctv
345,S Parrish St and McHenry St,1004,Tri-District,"(39.284448169100003, -76.641437709300007)",-76.6414377093,39.2844481691,cctv
346,S Parrish St and Ramsay St,1005,Tri-District,"(39.283307999999998, -76.641401000000002)",-76.641401,39.283308,cctv
347,McHenry St and S Gilmor St,1006,Tri-District,"(39.284400419603813, -76.642113626003265)",-76.642113626,39.2844004196,cctv
348,S Gilmor St and Ramsay St,1007,Tri-District,"(39.283275184067982, -76.642089486122131)",-76.6420894861,39.2832751841,cctv
349,W Pratt St and S Mount St,1008,Tri-District,"(39.285320109761699, -76.643621027469635)",-76.6436210275,39.2853201098,cctv
350,McHenry St and S Mount St,1009,Tri-District,"(39.284365126512903, -76.643553972244263)",-76.6435539722,39.2843651265,cctv
351,S Mount St and Ramsay St,1010,Tri-District,"(39.283258575290013, -76.643511056900024)",-76.6435110569,39.2832585753,cctv
352,W Pratt St and S Fulton Ave,1011,Tri-District,"(39.285251000000002, -76.645048000000003)",-76.645048,39.285251,cctv
353,S Fulton St and McHenry St,1012,Tri-District,"(39.284333985535561, -76.644980907440186)",-76.6449809074,39.2843339855,cctv
354,Wilhelm St and S Fulton Ave,1013,Tri-District,"(39.283769999999997, -76.644948999999997)",-76.644949,39.28377,cctv
355,Ramsay St and S Fulton Ave,1014,Tri-District,"(39.283206672833437, -76.644911170005798)",-76.64491117,39.2832066728,cctv
356,McHenry St and S Addison St,1015,Tri-District,"(39.284306996677337, -76.645788252353668)",-76.6457882524,39.2843069967,cctv
357,W Pratt St and S Monroe St,1016,Tri-District,"(39.285175000000002, -76.646775000000005)",-76.646775,39.285175,cctv
358,S Monroe St and Wilhelm St,1017,Tri-District,"(39.283693999999997, -76.646686111099996)",-76.6466861111,39.283694,cctv
359,S Monroe St and Ramsay St,1018,Tri-District,"(39.283147, -76.646665999999996)",-76.646666,39.283147,cctv
360,S Payson St and McHenry St,1019,Tri-District,"(39.284199041140461, -76.648443639278412)",-76.6484436393,39.2841990411,cctv
361,S Payson St and Ramsay St,1020,Tri-District,"(39.283082, -76.648398999999998)",-76.648399,39.283082,cctv
362,S Payson St and Ashton St,1021,Tri-District,"(39.282814999999999, -76.648392999999999)",-76.648393,39.282815,cctv
363,S Pulaski St and McHenry,1022,Tri-District,"(39.284172052199999, -76.649824976900007)",-76.6498249769,39.2841720522,cctv
364,S Pulaski St and Wilhelm St,1023,Tri-District,"(39.283599054451308, -76.649784743785858)",-76.6497847438,39.2835990545,cctv
365,S Pulaski St and Ramsay St,1024,Tri-District,"(39.283009, -76.649782999999999)",-76.649783,39.283009,cctv
366,S Pulaski St and Ashton St,1025,Tri-District,"(39.282387, -76.649771999999999)",-76.649772,39.282387,cctv
367,S Smallwood St and Ramsay St,1026,Tri-District,"(39.28293, -76.651205000000004)",-76.651205,39.28293,cctv
368,Smallwood and Ashton,1027,Tri-District,"(39.281931999999998, -76.651190999999997)",-76.651191,39.281932,cctv
369,W Pratt St and S Carey St,1028,Tri-District,"(39.285587, -76.637984000000003)",-76.637984,39.285587,cctv
370,Lombard and Carrolton,1029,Tri-District,"(39.286544583008506, -76.63597502223854)",-76.6359750222,39.286544583,cctv
371,Pennsylvania Ave and Baker St,1101,Pennsylvania Ave,"(39.308384151367143, -76.639434413067562)",-76.6394344131,39.3083841514,cctv
372,N Carey St and Baker St,1102,Pennsylvania Ave,"(39.307995475867422, -76.640250552088872)",-76.6402505521,39.3079954759,cctv
373,Pennsylvania Ave and Gold St,1103,Pennsylvania Ave,"(39.308384151367143, -76.639434413067562)",-76.6394344131,39.3083841514,cctv
374,Pennsylvania Ave and Bloom St,1104,Pennsylvania Ave,"(39.306656185290649, -76.637159267198228)",-76.6371592672,39.3066561853,cctv
375,N Fremont Ave and Presstman St,1105,Pennsylvania Ave,"(39.305111763845701, -76.635565546719363)",-76.6355655467,39.3051117638,cctv
376,Pennsylvania Ave and Presstman St,1106,Pennsylvania Ave,"(39.305111763845701, -76.635565546719363)",-76.6355655467,39.3051117638,cctv
377,Division St and Presstman St,1107,Pennsylvania Ave,"(39.306200443138053, -76.637228893298399)",-76.6372288933,39.3062004431,cctv
378,Division St and Robert St,1108,Pennsylvania Ave,"(39.305111763845701, -76.635565546719363)",-76.6355655467,39.3051117638,cctv
379,Pennsylvania Ave and Robert St,1109,Pennsylvania Ave,"(39.305111763845701, -76.635565546719363)",-76.6355655467,39.3051117638,cctv
380,N Fremont Ave and Robert St,1110,Pennsylvania Ave,"(39.305111763845701, -76.635565546719363)",-76.6355655467,39.3051117638,cctv
381,Division St and Laurens St,1111,Pennsylvania Ave,"(39.304809930868302, -76.635305211615744)",-76.6353052116,39.3048099309,cctv
382,Pennsylvania Ave and Wilson St,1112,Pennsylvania Ave,"(39.303867730110362, -76.633557722093968)",-76.6335577221,39.3038677301,cctv
383,Division St and Islamic Way,1113,Pennsylvania Ave,"(39.304445927259223, -76.634215355201974)",-76.6342153552,39.3044459273,cctv
384,Pennsylvania Ave and Pitcher St,1114,Pennsylvania Ave,"(39.302954543048138, -76.633127656544033)",-76.6331276565,39.302954543,cctv
385,N Fremont Ave and Pitcher St,1115,Pennsylvania Ave,"(39.302954543048138, -76.633127656544033)",-76.6331276565,39.302954543,cctv
386,Mosher St and Argyle St,1116,Pennsylvania Ave,"(39.300941237258101, -76.634892536297116)",-76.6348925363,39.3009412373,cctv
387,Pennsylvania Ave and Mosher St,1118,Pennsylvania Ave,"(39.302488779792881, -76.632307900736237)",-76.6323079007,39.3024887798,cctv
388,Pennsylvania Ave and Mosher St,1118,Pennsylvania Ave,"(39.30259353519579, -76.632023671107888)",-76.6320236711,39.3025935352,cctv
389,E North Ave and Aisquith,1201,North Ave East,"(39.311186242489399, -76.602505769708756)",-76.6025057697,39.3111862425,cctv
390,E North Ave and Harford,1202,North Ave East,"(39.311423565115909, -76.600006371216125)",-76.6000063712,39.3114235651,cctv
391,E North Ave and Broadway,1203,North Ave East,"(39.311777042255628, -76.595705091476162)",-76.5957050915,39.3117770423,cctv
392,E North Ave and Wolfe,1204,North Ave East,"(39.312000108351818, -76.592325794941374)",-76.5923257949,39.3120001084,cctv
393,E North Ave and Washington,1205,North Ave East,"(39.312068683352287, -76.591144511670251)",-76.5911445117,39.3120686834,cctv
394,E North Ave and Chester,1206,North Ave East,"(39.312186330473097, -76.589700361483551)",-76.5897003615,39.3121863305,cctv
395,E North Ave and Collington,1207,North Ave East,"(39.312229187516991, -76.588435452524962)",-76.5884354525,39.3122291875,cctv
396,E North Ave and Belair,1208,North Ave East,"(39.312303202574391, -76.584863648659635)",-76.5848636487,39.3123032026,cctv
397,E North Ave and Port,1209,North Ave East,"(39.312303202574391, -76.584863648659635)",-76.5848636487,39.3123032026,cctv
398,E North Ave and Milton,1210,North Ave East,"(39.312163957974143, -76.582876963743857)",-76.5828769637,39.312163958,cctv
399,Harford and 20th,1301,Harford Rd,"(39.313487785992642, -76.599725928871052)",-76.5997259289,39.313487786,cctv
400,Harford and Broadway,1302,Harford Rd,"(39.31416178941965, -76.59886228943266)",-76.5988622894,39.3141617894,cctv
401,Harford and Darley,1303,Harford Rd,"(39.315068290101223, -76.597804931181258)",-76.5978049312,39.3150682901,cctv
402,Harford and Cliftview,1304,Harford Rd,"(39.315982284515293, -76.596817593295881)",-76.5968175933,39.3159822845,cctv
403,Harford and 25th,1305,Harford Rd,"(39.316861084164962, -76.596463813589111)",-76.5964638136,39.3168610842,cctv
404,Harford (Harbor City School),1306,Harford Rd,"(39.318459689166879, -76.594697469018016)",-76.594697469,39.3184596892,cctv
405,Harford and Montpelier,1307,Harford Rd,"(39.318459689166879, -76.594697469018016)",-76.594697469,39.3184596892,cctv
406,Harford and Homestead,1308,Harford Rd,"(39.318459689166879, -76.594697469018016)",-76.594697469,39.3184596892,cctv
407,Harford and Abbotston,1309,Harford Rd,"(39.320478594226863, -76.592769787424359)",-76.5927697874,39.3204785942,cctv
408,Harford and Alameda,1310,Harford Rd,"(39.320478594226863, -76.592769787424359)",-76.5927697874,39.3204785942,cctv
409,Harford and Tivoly,1311,Harford Rd,"(39.322129844480479, -76.591145882793526)",-76.5911458828,39.3221298445,cctv
410,Harford and Fenwick,1312,Harford Rd,"(39.322585972163317, -76.590789523428185)",-76.5907895234,39.3225859722,cctv
411,Harford and Hugo,1313,Harford Rd,"(39.323849590957131, -76.589829681328524)",-76.5898296813,39.323849591,cctv
412,Belair and Ravenwood,1401,Belair Rd,"(39.31532303105417, -76.582190468824152)",-76.5821904688,39.3153230311,cctv
413,Belair and Elmora,1402,Belair Rd,"(39.316015002473243, -76.579655350693287)",-76.5796553507,39.3160150025,cctv
414,Belair and Lyndale,1403,Belair Rd,"(39.315646208380038, -76.579763307694563)",-76.5797633077,39.3156462084,cctv
415,Belair and Elmley,1404,Belair Rd,"(39.316651146669983, -76.578579370095468)",-76.5785793701,39.3166511467,cctv
416,Belair (across from shopping center),1405,Belair Rd,"(39.318271431784339, -76.577467734275231)",-76.5774677343,39.3182714318,cctv
417,Belair and Cliftmont,1406,Belair Rd,"(39.319629088210981, -76.576560273839576)",-76.5765602738,39.3196290882,cctv
418,Belair and Mareco,1407,Belair Rd,"(39.320451434005207, -76.575053714978438)",-76.575053715,39.320451434,cctv
419,Belair and Clifton Park Terrace,1408,Belair Rd,"(39.321314464994281, -76.574454905190024)",-76.5744549052,39.321314465,cctv
420,Belair and Erdman,1409,Belair Rd,"(39.32177331358092, -76.573810873579617)",-76.5738108736,39.3217733136,cctv
421,Belair and Sheldon,1410,Belair Rd,"(39.328073611119592, -76.565013598755243)",-76.5650135988,39.3280736111,cctv
422,Rusty Scupper,1901,Inner Harbor,"(39.281919479606877, -76.60772904753685)",-76.6077290475,39.2819194796,cctv
423,Rash Field,1902,Inner Harbor,"(39.281859271602698, -76.609304845333099)",-76.6093048453,39.2818592716,cctv
424,Carousel,1903,Inner Harbor,"(39.281846814767782, -76.610000878572464)",-76.6100008786,39.2818468148,cctv
425,Science Center,1904,Inner Harbor,"(39.2820066773143, -76.611624956130981)",-76.6116249561,39.2820066773,cctv
426,Spirit Of Baltimore,1905,Inner Harbor,"(39.285747000000001, -76.610810000000001)",-76.61081,39.285747,cctv
427,Visitor Center,1906,Inner Harbor,"(39.284265475336689, -76.612484604120255)",-76.6124846041,39.2842654753,cctv
428,Light Street Food Hall,1907,Inner Harbor,"(39.285390694963333, -76.61190927028656)",-76.6119092703,39.285390695,cctv
429,Constellation,1908,Inner Harbor,"(39.285951221980007, -76.611388921737671)",-76.6113889217,39.285951222,cctv
430,Constellation Pier,1909,Inner Harbor,"(39.285254714584973, -76.610821634531021)",-76.6108216345,39.2852547146,cctv
431,Trade Center,1910,Inner Harbor,"(39.286001046386623, -76.610176563262939)",-76.6101765633,39.2860010464,cctv
432,Pier 5 Hotel,1911,Inner Harbor,"(39.283756836916083, -76.606008410453796)",-76.6060084105,39.2837568369,cctv
433,Pier 5 Lighthouse,1912,Inner Harbor,"(39.28337483665311, -76.605211794376373)",-76.6052117944,39.2833748367,cctv
434,Pier 6 Pavillion,1913,Inner Harbor,"(39.283760999999998, -76.604619999999997)",-76.60462,39.283761,cctv
435,Charles and Conway,1920,Federal Reserve,"(39.284298515827047, -76.614453475966073)",-76.614453476,39.2842985158,cctv
436,Sharp and Conway,1921,Federal Reserve,"(39.283978495492491, -76.617647055555054)",-76.6176470556,39.2839784955,cctv
437,182 Hamburgst,1922,Federal Reserve,"(39.278279435050841, -76.61803074859877)",-76.6180307486,39.2782794351,cctv
438,Pratt and Sharp,1923,Federal Reserve,"(39.286162239365261, -76.618011900419958)",-76.6180119004,39.2861622394,cctv
439,Pratt and Light,1924,Federal Reserve,"(39.286269232737787, -76.613997565987503)",-76.613997566,39.2862692327,cctv
440,NE Market FoodCt,1941,Northeast Market,"(39.298141, -76.587517)",-76.587517,39.298141,cctv
441,NE Market North,1942,Northeast Market,"(39.298141, -76.587517)",-76.587517,39.298141,cctv
442,NE Market South,1943,Northeast Market,"(39.298141, -76.587517)",-76.587517,39.298141,cctv
443,NE Market Middle,1944,Northeast Market,"(39.298141, -76.587517)",-76.587517,39.298141,cctv
444,McElderry & Chester,1945,Northeast Market,"(39.297525, -76.587779999999995)",-76.58778,39.297525,cctv
445,Avenue Market Front,1961,Avenue Market,"(39.303537, -76.635647)",-76.635647,39.303537,cctv
446,Avenue Market Middle,1962,Avenue Market,"(39.303537, -76.635647)",-76.635647,39.303537,cctv
447,Avenue Market Back,1963,Avenue Market,"(39.303537, -76.635647)",-76.635647,39.303537,cctv
448,Pennsylvania and  Laurens,1964,Avenue Market,"(39.304338999999999, -76.635589999999993)",-76.63559,39.304339,cctv
449,Fremont and Laurens,1965,Avenue Market,"(39.303421999999998, -76.636830000000003)",-76.63683,39.303422,cctv
450,Avenue Market Parking Lot,1966,Avenue Market,"(39.303664891386482, -76.634952407020364)",-76.634952407,39.3036648914,cctv
451,Southwest Corner,1980,Hollins Market,"(39.287529, -76.635958)",-76.635958,39.287529,cctv
452,Northwest Corner,1981,Hollins Market,"(39.287529, -76.635958)",-76.635958,39.287529,cctv
453,Aisle Cam 1,1982,Hollins Market,"(39.287529, -76.635958)",-76.635958,39.287529,cctv
454,Aisle Cam 2,1983,Hollins Market,"(39.287529, -76.635958)",-76.635958,39.287529,cctv
455,Aisle Cam 3,1984,Hollins Market,"(39.287529, -76.635958)",-76.635958,39.287529,cctv
456,Hollins St and Carrollton,1985,Hollins Market,"(39.287618999999999, -76.636679999999998)",-76.63668,39.287619,cctv
457,Boyd St Side Entrance,1986,Hollins Market,"(39.287292560487053, -76.635222600479935)",-76.6352226005,39.2872925605,cctv
458,Arlington Ave East Entrance,1987,Hollins Market,"(39.287365569154261, -76.634676307072198)",-76.6346763071,39.2873655692,cctv
459,553 Dolphin St,2001,McCulloh,"(39.299709886899997, -76.628770388800007)",-76.6287703888,39.2997098869,cctv
460,569 Dolphin St,2002,McCulloh,"(39.2994741658, -76.628246647200001)",-76.6282466472,39.2994741658,cctv
461,520 Hoffman St,2003,McCulloh,"(39.299569032500003, -76.627819812599995)",-76.6278198126,39.2995690325,cctv
462,517 Dolphin St,2004,McCulloh,"(39.300194856899999, -76.628212820200005)",-76.6282128202,39.3001948569,cctv
463,534 Preston St,2005,McCulloh,"(39.2994445713, -76.627014840900003)",-76.6270148409,39.2994445713,cctv
464,503 Dolphin St,2006,McCulloh,"(39.300440885, -76.627710906700003)",-76.6277109067,39.300440885,cctv
465,535 Hoffman St,2007,McCulloh,"(39.299036022700001, -76.627951580900003)",-76.6279515809,39.2990360227,cctv
466,570 Preston St,2008,McCulloh,"(39.298552511899999, -76.627312922300007)",-76.6273129223,39.2985525119,cctv
467,556 Preston St,2009,McCulloh,"(39.298862438299999, -76.626914038199999)",-76.6269140382,39.2988624383,cctv
468,516 Preston St,2010,McCulloh,"(39.299079561500001, -76.626522870900004)",-76.6265228709,39.2990795615,cctv
469,514 Preston St,2011,McCulloh,"(39.299364911700003, -76.626601136299996)",-76.6266011363,39.2993649117,cctv
470,1020 Druid Hill Rd,2012,McCulloh,"(39.299944205000003, -76.626479001500002)",-76.6264790015,39.299944205,cctv
471,1135 Tiffany Ct,2013,McCulloh,"(39.302018245500001, -76.625956896399998)",-76.6259568964,39.3020182455,cctv
472,1101 Tiffany Ct,2014,McCulloh,"(39.301602996699998, -76.625438251999995)",-76.625438252,39.3016029967,cctv
473,1035 Tiffany Ct,2015,McCulloh,"(39.300995861192078, -76.625379849189699)",-76.6253798492,39.3009958612,cctv
474,1001 Tiffany Ct,2016,McCulloh,"(39.300815108099997, -76.624463592400005)",-76.6244635924,39.3008151081,cctv
475,440 Oxford Ct,2017,McCulloh,"(39.300550491700001, -76.625118487500004)",-76.6251184875,39.3005504917,cctv
476,443 Manse Ct,2018,McCulloh,"(39.301373687800002, -76.626496719299993)",-76.6264967193,39.3013736878,cctv
477,1134 Stoddard Ct,2019,McCulloh,"(39.3011098319, -76.627157996400001)",-76.6271579964,39.3011098319,cctv
478,1100 Stoddard Ct,2020,McCulloh,"(39.300701899499998, -76.626653211600001)",-76.6266532116,39.3007018995,cctv
479,1034 Stoddard Ct,2021,McCulloh,"(39.300325881200003, -76.626190746999995)",-76.626190747,39.3003258812,cctv
480,1000 Stoddard Ct,2022,McCulloh,"(39.299891022700002, -76.625654182000005)",-76.625654182,39.2998910227,cctv
481,442 Walton Ct,2023,McCulloh,"(39.299978103100003, -76.624747493800001)",-76.6247474938,39.2999781031,cctv
482,900 Stoddard Ct,2024,McCulloh,"(39.2989138943, -76.624478359600005)",-76.6244783596,39.2989138943,cctv
483,1638 Bruce Ct (rear),2101,Gilmore,"(39.307301043898839, -76.644212532490343)",-76.6442125325,39.3073010439,cctv
484,1638 Bruce Ct,2102,Gilmore,"(39.307275671799999, -76.645597160999998)",-76.645597161,39.3072756718,cctv
485,1600 Bruce Ct (rear),2103,Gilmore,"(39.307301043898839, -76.644212532490343)",-76.6442125325,39.3073010439,cctv
486,1605 Bruce Ct,2104,Gilmore,"(39.307301043898839, -76.644212532490343)",-76.6442125325,39.3073010439,cctv
487,1601 Bakbury Ct,2105,Gilmore,"(39.307427718714969, -76.643890288047984)",-76.643890288,39.3074277187,cctv
488,1679 Bakbury Ct,2106,Gilmore,"(39.307862028199999, -76.645106384599998)",-76.6451063846,39.3078620282,cctv
489,1678 Mountmor Ct,2107,Gilmore,"(39.307759654714587, -76.642965181000818)",-76.642965181,39.3077596547,cctv
490,1600 Mountmor Ct,2108,Gilmore,"(39.3068001197, -76.6447164386)",-76.6447164386,39.3068001197,cctv
491,1600 Vincent Ct,2109,Gilmore,"(39.306818836600002, -76.644299108799999)",-76.6442991088,39.3068188366,cctv
492,1606 Vincent Ct,2110,Gilmore,"(39.3074507205, -76.644448813099999)",-76.6444488131,39.3074507205,cctv
493,1679 Vincent Ct,2111,Gilmore,"(39.307471450870644, -76.643610028536614)",-76.6436100285,39.3074714509,cctv
494,1641 Vincent Ct,2112,Gilmore,"(39.307393215899999, -76.644124656900004)",-76.6441246569,39.3073932159,cctv
495,1600 Spray Ct,2113,Gilmore,"(39.30586749958497, -76.64405307738943)",-76.6440530774,39.3058674996,cctv
496,1605-2 Spray Ct,2114,Gilmore,"(39.305785955600001, -76.644515020499995)",-76.6445150205,39.3057859556,cctv
497,1601-8 Spray Ct,2115,Gilmore,"(39.305900989800001, -76.644091696100006)",-76.6440916961,39.3059009898,cctv
498,1500 Pressman Ct,2116,Gilmore,"(39.305455128600002, -76.643905963899996)",-76.6439059639,39.3054551286,cctv
499,1519 Presser Ct,2117,Gilmore,"(39.305726004100002, -76.643559925299996)",-76.6435599253,39.3057260041,cctv
500,Prestman St and Gilmor St,2118,Gilmore,"(39.305304986490292, -76.643798951040964)",-76.643798951,39.3053049865,cctv
501,1638 Balmor Ct,2119,Gilmore,"(39.305191825999998, -76.644086363100001)",-76.6440863631,39.305191826,cctv
502,1458 Mountmor Ct,2120,Gilmore,"(39.305247873799999, -76.6446301159)",-76.6446301159,39.3052478738,cctv
503,1428 Mountmor Ct,2121,Gilmore,"(39.304809059500002, -76.644510936000003)",-76.644510936,39.3048090595,cctv
504,1629 Balmor Ct (rear),2122,Gilmore,"(39.305304986490292, -76.643798951040964)",-76.643798951,39.3053049865,cctv
505,1401 Mountmor Ct,2123,Gilmore,"(39.3044347827, -76.644281285100007)",-76.6442812851,39.3044347827,cctv
506,1639 Booker Ct,2124,Gilmore,"(39.304472998199998, -76.644048334900006)",-76.6440483349,39.3044729982,cctv
507,1601 Booker Ct,2125,Gilmore,"(39.304574795999997, -76.643408585399996)",-76.6434085854,39.304574796,cctv
508,1629 Lorman Ct,2126,Gilmore,"(39.304000985000002, -76.643863016300003)",-76.6438630163,39.304000985,cctv
509,1631 Lorman Ct,2127,Gilmore,"(39.3040667402, -76.644225277199993)",-76.6442252772,39.3040667402,cctv
510,1649 Lorman Ct,2128,Gilmore,"(39.303959339698046, -76.643873696150877)",-76.6438736962,39.3039593397,cctv
511,1658 Delano Ct,2129,Gilmore,"(39.303491577820743, -76.643880475942325)",-76.6438804759,39.3034915778,cctv
512,1628 Delano Ct,2130,Gilmore,"(39.303760068300001, -76.643845530500002)",-76.6438455305,39.3037600683,cctv
513,1600 Delano Ct,2131,Gilmore,"(39.303491577820743, -76.643880475942325)",-76.6438804759,39.3034915778,cctv
514,1521 Mountmor Ct,2132,Gilmore,"(39.30729341320874, -76.644573904997316)",-76.644573905,39.3072934132,cctv
515,800 Abbott Ct,2201,Latrobe,"(39.301252981099999, -76.606166438399995)",-76.6061664384,39.3012529811,cctv
516,856 Abbott Ct,2202,Latrobe,"(39.301329715000001, -76.6050176161)",-76.6050176161,39.301329715,cctv
517,818 Webb Ct,2203,Latrobe,"(39.301008857200003, -76.605686922800004)",-76.6056869228,39.3010088572,cctv
518,800 McAleer Ct,2204,Latrobe,"(39.3002994414, -76.605957631400003)",-76.6059576314,39.3002994414,cctv
519,834 McAleer Ct,2205,Latrobe,"(39.300311914200002, -76.605297114799995)",-76.6052971148,39.3003119142,cctv
520,864 McAleer Ct,2206,Latrobe,"(39.300041873700003, -76.604740619899999)",-76.6047406199,39.3000418737,cctv
521,831 McAleer Ct,2207,Latrobe,"(39.299977143500001, -76.6052816304)",-76.6052816304,39.2999771435,cctv
522,859 Homewood Ave,2208,Latrobe,"(39.299950172099997, -76.605899537599996)",-76.6058995376,39.2999501721,cctv
523,820 Hillman Ct,2209,Latrobe,"(39.299387499600002, -76.605709727499999)",-76.6057097275,39.2993874996,cctv
524,819 Hillman Ct,2210,Latrobe,"(39.299349693300002, -76.606075805900005)",-76.6060758059,39.2993496933,cctv
525,819 Homewood Ave,2211,Latrobe,"(39.301308069100003, -76.604304248700004)",-76.6043042487,39.3013080691,cctv
526,916 Webb Ct,2212,Latrobe,"(39.300778553999997, -76.603732930299998)",-76.6037329303,39.300778554,cctv
527,921 Webb Ct,2213,Latrobe,"(39.300437637400002, -76.604302853899995)",-76.6043028539,39.3004376374,cctv
528,922 Ashland Ct,2214,Latrobe,"(39.300222632100002, -76.603784759600003)",-76.6037847596,39.3002226321,cctv
529,859 McAleer Ct,2215,Latrobe,"(39.299822194800001, -76.604397336999995)",-76.604397337,39.2998221948,cctv
530,943 Wilmot Ct,2216,Latrobe,"(39.299207368099999, -76.603901042800004)",-76.6039010428,39.2992073681,cctv
531,1000 Abbott Ct,2217,Latrobe,"(39.3013607878, -76.602739491299999)",-76.6027394913,39.3013607878,cctv
532,1101 Webb Ct,2218,Latrobe,"(39.300600819000003, -76.602714787799997)",-76.6027147878,39.300600819,cctv
533,1000 Ashland Ct,2219,Latrobe,"(39.300271800099999, -76.602871424200004)",-76.6028714242,39.3002718001,cctv
534,1020 McAleer Ct,2220,Latrobe,"(39.299868547199999, -76.603117526099993)",-76.6031175261,39.2998685472,cctv
535,1001 McAleer Ct,2221,Latrobe,"(39.299715513499997, -76.603547252499993)",-76.6035472525,39.2997155135,cctv
536,1116 McAleer Ct,2222,Latrobe,"(39.300148589199999, -76.602135833000006)",-76.602135833,39.3001485892,cctv
537,1130 McAleer Ct,2223,Latrobe,"(39.299909153199998, -76.602239340200001)",-76.6022393402,39.2999091532,cctv
538,1101 Wilmot Ct,2224,Latrobe,"(39.299287831299999, -76.602728710899996)",-76.6027287109,39.2992878313,cctv
539,901 Valley Ct,2225,Latrobe,"(39.300227999999997, -76.604705999999993)",-76.604706,39.300228,cctv
540,901 Valley Ct,2226,Latrobe,"(39.300227999999997, -76.604705999999993)",-76.604706,39.300228,cctv
541,901 McAleer Ct,2227,Latrobe,"(39.29965, -76.604635999999999)",-76.604636,39.29965,cctv
542,200 Spring Ct,2301,Perkins,"(39.288974239799998, -76.598313985600001)",-76.5983139856,39.2889742398,cctv
543,299 Spring Ct,2302,Perkins,"(39.287503727000001, -76.598044038200001)",-76.5980440382,39.287503727,cctv
544,264 Ballou Ct,2303,Perkins,"(39.2880273743, -76.597513632100004)",-76.5975136321,39.2880273743,cctv
545,229 Ballou Ct,2304,Perkins,"(39.288607452299999, -76.597212806200005)",-76.5972128062,39.2886074523,cctv
546,269 Dallas Ct,2305,Perkins,"(39.288149116, -76.596439407899993)",-76.5964394079,39.288149116,cctv
547,231 Mason Ct,2306,Perkins,"(39.288642230000001, -76.595773403099997)",-76.5957734031,39.28864223,cctv
548,299 Mason Ct,2307,Perkins,"(39.2876245462, -76.595752986899996)",-76.5957529869,39.2876245462,cctv
549,295 Mason Ct,2308,Perkins,"(39.2876798677, -76.595630791100007)",-76.5956307911,39.2876798677,cctv
550,200 Herring Ct,2309,Perkins,"(39.289112821300002, -76.595016511099999)",-76.5950165111,39.2891128213,cctv
551,270 Herring Ct,2310,Perkins,"(39.2880371173, -76.595337532200006)",-76.5953375322,39.2880371173,cctv
552,299 Herring Ct,2311,Perkins,"(39.2876651606, -76.594826320099997)",-76.5948263201,39.2876651606,cctv
553,354 Spring Ct,2312,Perkins,"(39.286491394700001, -76.598156452799998)",-76.5981564528,39.2864913947,cctv
554,Community Building,2313,Perkins,"(39.286951707900002, -76.597738824900006)",-76.5977388249,39.2869517079,cctv
555,1413 Gough St,2314,Perkins,"(39.287355871700001, -76.597432644899996)",-76.5974326449,39.2873558717,cctv
556,319 Ballou Ct,2315,Perkins,"(39.287110948600002, -76.597126314299999)",-76.5971263143,39.2871109486,cctv
557,330 Ballou Ct,2316,Perkins,"(39.2868832013, -76.597370629099998)",-76.5973706291,39.2868832013,cctv
558,326 Dallas Ct,2317,Perkins,"(39.287014668899999, -76.596626179500007)",-76.5966261795,39.2870146689,cctv
559,336 Mason Ct,2318,Perkins,"(39.2868506334, -76.596044637199995)",-76.5960446372,39.2868506334,cctv
560,329 Mason Ct,2319,Perkins,"(39.286979638600002, -76.5957165457)",-76.5957165457,39.2869796386,cctv
561,326 Herring Ct,2320,Perkins,"(39.287065456100002, -76.595261173699996)",-76.5952611737,39.2870654561,cctv
562,231 Orleans St,2401,PVG,"(39.294578571199999, -76.604043038100002)",-76.6040430381,39.2945785712,cctv
563,310 Forrest St,2402,PVG,"(39.294542796099996, -76.603084520500005)",-76.6030845205,39.2945427961,cctv
564,1110 New Hope Cir,2403,PVG,"(39.293739504800001, -76.601852599500006)",-76.6018525995,39.2937395048,cctv
565,1021 New Hope Cir,2404,PVG,"(39.293245954500001, -76.602703800300006)",-76.6027038003,39.2932459545,cctv
566,1008 New Hope Cir,2405,PVG,"(39.293911856299999, -76.603234208499998)",-76.6032342085,39.2939118563,cctv
567,1124 Colvin St,2406,PVG,"(39.292945798600002, -76.601830969000005)",-76.601830969,39.2929457986,cctv
568,215 Saint Mathews St,2407,PVG,"(39.293632188799997, -76.603893050799996)",-76.6038930508,39.2936321888,cctv
569,1100 Colvin St,2408,PVG,"(39.292618239699998, -76.603336866999996)",-76.603336867,39.2926182397,cctv
570,SE Corner of N Tot Lot,2409,PVG,"(39.294234879599998, -76.602139996199995)",-76.6021399962,39.2942348796,cctv
571,NW Corner of S Tot Lot,2410,PVG,"(39.293295260000001, -76.602212902399998)",-76.6022129024,39.29329526,cctv
572,SE Corner of W Tot Lot,2411,PVG,"(39.2930222098, -76.603181076499993)",-76.6031810765,39.2930222098,cctv
573,Courtyard Play Area,2412,PVG,"(39.293431252600001, -76.601326081699995)",-76.6013260817,39.2934312526,cctv
574,NE Elderly Bldg Central Ave,2413,PVG,"(39.293473126199999, -76.600139368300006)",-76.6001393683,39.2934731262,cctv
575,NE Community Center,2414,PVG,"(39.293917434000001, -76.601228335399995)",-76.6012283354,39.293917434,cctv
576,SE Elderly Bldg CentralAve,2415,PVG,"(39.292853416200003, -76.600115942800002)",-76.6001159428,39.2928534162,cctv
577,SW Elderly Bldg FayetteSt,2416,PVG,"(39.292815763599997, -76.600696993599996)",-76.6006969936,39.2928157636,cctv
578,Elderly Bldg Court Yard,2417,PVG,"(39.293000499400002, -76.600684489599999)",-76.6006844896,39.2930004994,cctv
579,Youth Center Fayette St,2418,PVG,"(39.291816666700001, -76.602983333300003)",-76.6029833333,39.2918166667,cctv
580,Daycare Center 1106 Fayette St,2419,PVG,"(39.292033634399999, -76.602226701899994)",-76.6022267019,39.2920336344,cctv
581,Daycare Center Play Area,2420,PVG,"(39.292481495899999, -76.601997844699994)",-76.6019978447,39.2924814959,cctv
582,NW Senior Center,2421,PVG,"(39.2934769883, -76.600734129800003)",-76.6007341298,39.2934769883,cctv
583,Greenmount and Madison,2501,Dept of Corrections,"(39.300040108901513, -76.608037511051066)",-76.6080375111,39.3000401089,cctv
584,Madison and Constitution,2502,Dept of Corrections,"(39.29889728324023, -76.609951448853508)",-76.6099514489,39.2988972832,cctv
585,Monument and Fallsway,2503,Dept of Corrections,"(39.297164133589519, -76.610634628978289)",-76.610634629,39.2971641336,cctv
586,Eager St (Widows Peak),2504,Dept of Corrections,"(39.30137500901742, -76.609774318474194)",-76.6097743185,39.301375009,cctv
587,Warden St Lot,2505,Dept of Corrections,"(39.301928097661524, -76.61026027300305)",-76.610260273,39.3019280977,cctv
588,Fallsway and Eager,2506,Dept of Corrections,"(39.300916139855531, -76.611037617352324)",-76.6110376174,39.3009161399,cctv
589,JFX South,2507,Dept of Corrections,"(39.300441691635839, -76.61106079564594)",-76.6110607956,39.3004416916,cctv
590,JFX North,2508,Dept of Corrections,"(39.299624613118652, -76.611231166926743)",-76.6112311669,39.2996246131,cctv
591,N Charles St and Center St,2601,Midtown,"(39.296588623907333, -76.615371245613787)",-76.6153712456,39.2965886239,cctv
592,N Charles St and Madison St,2602,Midtown,"(39.298204874747853, -76.615859643155588)",-76.6158596432,39.2982048747,cctv
593,N Charles St and Read Ave,2603,Midtown,"(39.299588925174533, -76.615747008035569)",-76.615747008,39.2995889252,cctv
594,Park Ave and Read St,2604,Midtown,"(39.300242641434217, -76.61862571161997)",-76.6186257116,39.3002426414,cctv
595,N Charles St and Eager St,2605,Midtown,"(39.300928290627837, -76.615753753359144)",-76.6157537534,39.3009282906,cctv
596,N Charles St and Chase St,2606,Midtown,"(39.302116821383819, -76.61592230885968)",-76.6159223089,39.3021168214,cctv
597,N Charles St and E Biddle St,2607,Midtown,"(39.303319497011273, -76.615908899597272)",-76.6159088996,39.303319497,cctv
598,N Charles St and Preston St,2608,Midtown,"(39.304624295025803, -76.616370318828061)",-76.6163703188,39.304624295,cctv
599,N Charles St and Mt Royal Ave,2609,Midtown,"(39.305447692495576, -76.616364223213708)",-76.6163642232,39.3054476925,cctv
600,N Charles St and Lanvale St,2610,Midtown,"(39.308870460173502, -76.61610089033239)",-76.6161008903,39.3088704602,cctv
601,N Charles St and North Ave,2611,Midtown,"(39.311620738528809, -76.616428653173926)",-76.6164286532,39.3116207385,cctv
602,N Charles St and 20th St,2612,Midtown,"(39.313036473695789, -76.616610334390259)",-76.6166103344,39.3130364737,cctv
