the_geom,BLDG_NUM,PRG__NUM,NAME,GRADES,ADDRESS,ZIPCODE,CATEGORY,TYPE,x_1,y_1
POINT (-76.64266675278692 39.28711467734809),4,4,Steuart Hill,Pre-K - 8.,30 S. Gilmor Street,21223,PK8,Traditional,1413475.42503,590354.091197
POINT (-76.68003141238741 39.34221757818064),5,5,Langston Hughes,Pre-K - 5.,5011 Arbutus Avenue,21215,ES,Traditional,1402829.17008,610385.163011
POINT (-76.6057623882412 39.31319754690319),7,7,Cecil,Pre-K - 5.,2000 Cecil Avenue,21218,ES,Traditional,1423880.00396,599897.264696
POINT (-76.59736271963178 39.2896100180029),8,8,City Springs,Pre-K - 8.,100 S. Caroline Street,21231,Charter,Conversion Charter,1426294.50701,591316.342553
POINT (-76.63269940511316 39.28742897663944),10,10,James McHenry,Pre-K - 6,31 S. Schroeder Street,21223,PK8,Traditional,1416296.17694,590479.765486
POINT (-76.63028779621258 39.306152000241795),11,11,Eutaw-Marshburn,Pre-K - 5.,1624 Eutaw Place,21217,ES,Traditional,1416951.15004,597302.016277
POINT (-76.64488565378979 39.25382421684929),12,12,Lakeland,Pre-K - 8.,2921 Stranden Road,21230,PK8,Traditional,1412894.54299,578226.327723
POINT (-76.58541549950363 39.298186088925355),13,13,Tench Tilghman,Pre-K - 8.,600 N. Patterson Park Avenue,21205,PK8,Traditional,1429661.80112,594455.13516
POINT (-76.59944251883833 39.32503449232151),50,15,Stadium School,6 - 8.,1300 Gorsuch Avenue,21218,MS,New Schools Initiative,1425649.23599,604216.447987
POINT (-76.60436355911321 39.303578694357796),16,16,Johnston Square,Pre-K - 5.,1101 Valley Street,21202,ES,Traditional,1424290.97394,596395.489875
POINT (-76.67385176270197 39.31914948464669),21,21,Hilton,Pre-K - 5.,3301 Carlisle Avenue,21216,ES,Traditional,1404606.95491,601989.143714
POINT (-76.62914390022225 39.28112128121365),22,22,George Washington,Pre-K - 5.,800 Scott Street,21230,ES,Traditional,1417311.87504,588186.388183
POINT (-76.5899050368125 39.28801910543118),23,23,Wolfe Street Academy,Pre-K - 5,245 S. Wolfe Street,21231,Charter,Conversion Charter,1428407.89484,590746.282342
POINT (-76.64448760161274 39.31421507338407),24,24,Westside,Pre-K - 5.,2235 N. Fulton Avenue,21217,ES,Traditional,1412921.60101,600222.886092
POINT (-76.58424472976051 39.303116436451376),25,25,Dr. Rayner Browne,Pre-K - 8.,1000 N. Montford Avenue,21213,PK8,Traditional,1429984.95107,596252.422904
POINT (-76.5881277644659 39.29358543175288),27,27,Commodore John Rodgers,Pre-K - 8.,100 N. Chester Street,21231,PK8,Traditional,1428901.78887,592775.964962
POINT (-76.64051266712622 39.30630448371885),157,28,William Pinderhughes,Pre-K - 8.,701 Gold Street,21217,PK8,Traditional,1414057.60497,597345.999785
POINT (-76.65039252813386 39.306772481580545),29,29,Matthew A. Henson,Pre-K - 5.,1600 N. Payson Street,21217,ES,Traditional,1411261.25787,597505.6015
POINT (-76.60246208865165 39.321824634393636),31,31,Coldstream Park,Pre-K - 6,1400 Exeter Hall Avenue,21218,PK8,Traditional,1424800.11006,603043.577957
POINT (-76.63593934668998 39.27982059164047),34,34,Charles Carroll Barrister,Pre-K - 5.,1327 Washington Boulevard,21230,ES,Traditional,1415390.18203,587704.896692
POINT (-76.64115239021086 39.298300573427184),35,35,Harlem Park,Pre-K - 8.,1401 W. Lafayette Avenue,21217,PK8,Traditional,1413888.04297,594430.013491
POINT (-76.59429004943233 39.31344952824794),36,37,Harford Heights,Pre-K - 5.,1919 N. Broadway,21213,ES,Traditional,1427125.58999,600003.266452
POINT (-76.61358062215977 39.31290882243763),39,39,Dallas F. Nicholas Sr.,Pre-K - 5.,201 E. 21St. Street,21218,ES,Traditional,1421668.34992,599782.643534
POINT (-76.68434286024845 39.33231006139663),42,42,Garrison,6 - 8.,3910 Barrington Road,21207,MS,Traditional,1401622.25812,606772.245697
POINT (-76.58541921176636 39.32801264676023),44,44,Montebello,Pre-K - 8.,2040 E. 32nd St,21218,Contract,Edison,1429611.4131,605318.901818
POINT (-76.61127434198312 39.27752717316184),45,45,Federal Hill,Pre-K - 8.,1040 William Street,21230,PK8,Traditional,1422375.77009,586898.356967
POINT (-76.57616487525868 39.28607214042696),47,47,Hampstead Hill Academy,Pre-K - 8.,500 S. Linwood Avenue,21224,Charter,Conversion Charter,1432300.21809,590054.905772
POINT (-76.55172057649588 39.3243777385068),49,49,Northeast,6 - 8.,5001 Moravia Road,21206,MS,Traditional,1439150.62992,604040.002801
POINT (-76.59944251883833 39.32503449232151),50,50,Abbottston,Pre-K - 5.,1300 Gorsuch Avenue,21218,ES,Traditional,1425649.23599,604216.447987
POINT (-76.60441058258782 39.33021392282056),51,51,Waverly,Pre-K - 8.,3400 Ellerslie Avenue,21218,PK8,Traditional,1424235.62694,606096.841207
POINT (-76.61515193903216 39.319750766751106),53,53,Margaret Brent,Pre-K - 8.,100 E. 26Th Street,21218,PK8,Traditional,1421213.25208,602272.822937
POINT (-76.61181722197132 39.32364939629509),54,54,Barclay,Pre-K - 8.,2900 Barclay Street,21218,PK8,Traditional,1422150.65506,603696.826651
POINT (-76.62989743105432 39.33209834939848),55,55,Hampden,Pre-K - 8.,3608 Chestnut Avenue,21211,PK8,Traditional,1417023.29687,606752.978347
POINT (-76.66753142779463 39.33091980538763),58,58,Dr. Nathan A. Pitts-Ashburton,Pre-K - 8.,3935 Hilton Rd,21215,PK8,Traditional,1406379.47794,606282.747004
POINT (-76.66341569165989 39.315178580108046),60,60,Gwynns Falls,Pre-K - 5.,2700 Gwynns Falls Parkway,21216,ES,Traditional,1407564.84007,600553.525851
POINT (-76.63229581617074 39.31173230484606),61,61,John Eager Howard,Pre-K - 5.,2011 Linden Avenue,21217,ES,Traditional,1416374.75486,599332.245813
POINT (-76.66269317238515 39.34470162439707),62,62,Edgecombe Circle,Pre-K - 8.,2835 Virginia Avenue,21215,PK8,Traditional,1407729.532,611307.595878
POINT (-76.66269901176244 39.30431374470704),63,63,Rosemont,Pre-K - 8.,2777 Prestman Street,21216,Charter,Conversion Charter,1407782.23498,596596.949446
POINT (-76.68371015419966 39.32610059476651),64,64,Liberty,Pre-K - 5.,3901 Maine Avenue,21207,ES,Traditional,1401809.06516,604511.16098
POINT (-76.62428483720448 39.30903290444691),66,66,Mount Royal,K - 8.,121 McMechen Street,21217,ES/MS,Traditional,1418645.4849,598358.267774
POINT (-76.67655548564748 39.309081963756874),67,67,Edgewood,Pre-K - 5.,1900 Edgewood Street,21216,ES,Traditional,1403855.01514,598319.498166
POINT (-76.67473309867181 39.28285928202797),73,73,Sarah M. Roach,Pre-K - 5.,3434 Old Frederick Road,21229,ES,Traditional,1404404.70597,588770.215756
POINT (-76.65871922020085 39.30085330461797),75,75,Calverton,Pre-K - 8.,1100 Whitmore Avenue,21216,PK8,Traditional,1408913.13691,595340.733783
POINT (-76.59469538638379 39.26805340840004),76,76,Francis Scott Key,Pre-K - 8.,1425 E. Fort Avenue,21230,ES/MS,Traditional,1427084.31514,583468.16468
POINT (-76.70513148361853 39.28342529558617),81,81,North Bend,Pre-K - 8.,181 North Bend Road,21229,PK8,Traditional,1395799.38099,588947.148473
POINT (-76.57963517182809 39.29529317021974),83,83,William Paca,Pre-K - 5.,200 N. Lakewood Ave.,21224,ES,Traditional,1431302.48912,593408.929575
POINT (-76.61079208895472 39.27098958376529),84,84,Thomas Johnson,Pre-K - 8.,100 E. Heath Street,21230,PK8,Traditional,1422522.44008,584517.767568
POINT (-76.5788962628671 39.30785820518083),85,85,Fort Worthington,1 - 5.,2701 E. Oliver Street,21213,ES,Traditional,1431490.49793,597986.457166
POINT (-76.58069481554426 39.30863946131512),86,86,Lakewood,Pre-K - K.,2625 Federal Street,21213,PKK,Traditional,1430980.26896,598268.672153
POINT (-76.68289023250885 39.31633027870396),87,87,Windsor Hills,Pre-K - 8.,4001 Alto Road,21216,PK8,Traditional,1402053.37504,600953.284894
POINT (-76.6831303410694 39.295034680974496),88,88,Lyndhurst,Pre-K - 5.,621 Wildwood Parkway,21229,ES,Traditional,1402012.36495,593196.506116
POINT (-76.69248260194414 39.29809121133632),89,89,Rognel Heights,Pre-K - 8.,4300 Sidehill Road,21229,PK8,Traditional,1399361.78987,594300.738487
POINT (-76.640672393832 39.291182813345124),95,95,Franklin Square,Pre-K - 8.,1400 W. Lexington Street,21223,PK8,Traditional,1414034.08697,591838.043282
POINT (-76.58664584556796 39.307340175681595),97,97,Collington Square,Pre-K - 8.,1409 N. Collington Ave.,21213,Charter,Conversion Charter,1429298.51511,597787.752511
POINT (-76.6505083539693 39.28179042094356),98,98,Samuel F.B. Morse,Pre-K - 5.,424 S. Pulaski Street,21223,ES,Traditional,1411263.31889,588406.247652
POINT (-76.54117268645253 39.31703508453038),105,105,Moravia Park,Pre-K - 8.,6201 Frankford Avenue,21206,PK8,Traditional,1442148.02287,601380.402478
POINT (-76.6424253407363 39.30430385152214),107,107,Gilmor,Pre-K - 5.,1311 N. Gilmor Street,21217,ES,Traditional,1413519.23203,596615.180709
POINT (-76.62617310928081 39.29887126930001),122,122,Samuel Coleridge-Taylor,Pre-K - 5.,507 W. Preston Street,21201,ES,Traditional,1418126.33994,594654.89001
POINT (-76.59859297140426 39.225383587301245),124,124,Bay-Brook,Pre-K - 8.,4301 Tenth Street,21225,PK8,Traditional,1426049.16498,567921.890983
POINT (-76.63035620956515 39.299699318230346),125,125,Furman L Templeton,Pre-K - 5.,1200 N. Pennsylvania Ave.,21217,ES,Traditional,1416941.30787,594951.670256
POINT (-76.62786626712052 39.30290218205807),130,130,Booker T. Washington,6 - 8.,1301 Mcculloh Street,21217,MS,Traditional,1417641.19393,596121.115096
POINT (-76.60413075093095 39.34295330967025),134,134,Walter P. Carter,Pre-K - 8.,820 E. 43Rd Street,21212,PK8,Traditional,1424294.66192,610737.307976
POINT (-76.6553282573516 39.312988570161494),142,142,Robert W. Coleman,Pre-K - 5.,2400 Windsor Avenue,21216,ES,Traditional,1409856.0599,599764.390618
POINT (-76.65575242021039 39.29980298252964),144,144,James Mosher,Pre-K - 5.,2400 W. Mosher Street,21216,ES,Traditional,1409754.15689,594961.326077
POINT (-76.66597737230086 39.29760109996558),145,145,Alexander Hamilton,Pre-K - 5.,800 Poplar Grove Street,21216,ES,Traditional,1406863.47992,594148.581968
POINT (-76.65389524016408 39.29165603123158),150,150,Mary Ann Winterling,Pre-K - 5.,220 N. Bentalou Street,21223,ES,Traditional,1410290.97996,591995.943556
POINT (-76.62371023853348 39.24806125326126),159,159,Cherry Hill,Pre-K - 8.,801 Bridgeview Road,21225,PK8,Traditional,1418899.61202,576151.331545
POINT (-76.62255456681923 39.25235464072593),160,160,Dr. Carter Godwin Woodson,Pre-K - 8.,2501 Seabury Road,21225,PK8,Traditional,1419220.43388,577716.443244
POINT (-76.62421381558164 39.24653147102747),163,163,Patapsco,Pre-K - 8.,844 Roundview Road,21225,PK8,Traditional,1418759.29209,575593.559038
POINT (-76.62760682050899 39.25227487752796),164,164,Arundel,Pre-K - 8.,2400 Round Road,21225,PK8,Traditional,1417789.83504,577681.515492
POINT (-76.68363600993217 39.337351497778556),177,177,George W.F. McMechen,9 - 12.,4411 Garrison Boulevard,21215,SPED,SPED,1401815.83812,608609.207902
POINT (-76.63438191602414 39.29194854816044),413,178,Excel Academy @ Francis M. Wood,9 - 12.,1001 W. Saratoga Street,21223,Alt,Alt,1415813.35901,592124.016135
POINT (-76.62115527745205 39.25282707451084),181,181,Southside Academy,9 - 12.,2700 Seamon Avenue,21225,HS,Traditional,1419615.97607,577890.157135
POINT (-76.70386809770876 39.31145743826505),201,201,Dickey Hill,Pre-K - 8.,5025 Dickey Hill Road,21207,PK8,Traditional,1396123.87509,599158.498129
POINT (-76.60697891163466 39.236821046588396),203,203,Maree Garnett Farring,Pre-K - 8.,300 Pontiac Avenue,21225,PK8,Traditional,1423655.56609,572077.341005
POINT (-76.6764514734998 39.292052516832435),204,204,Mary E. Rodman,Pre-K - 5.,3510 W. Mulberry Street,21229,ES,Traditional,1403906.43006,592116.940362
POINT (-76.54053574651513 39.36692423657744),205,205,Woodhome,Pre-K - 8.,7300 Moyer Avenue,21234,PK8,Traditional,1442236.77007,619552.628928
POINT (-76.5525248489779 39.32857938522934),206,206,Furley,K - 5.,4633 Furley Avenue,21206,ES,Traditional,1438915.60316,605569.26221
POINT (-76.59298637867367 39.22622876001221),207,207,Curtis Bay,Pre-K - 8.,4301 West Bay Avenue,21225,PK8,Traditional,1427636.09094,568236.754526
POINT (-76.53850098238883 39.33863272494294),210,210,Hazelwood,K - 8.,4517 Hazelwood Avenue,21206,PK8,Traditional,1442864.14513,609250.769611
POINT (-76.55253344641898 39.33881479459832),211,211,Gardenville,K - 5.,5300 Belair Road,21206,ES,Traditional,1438894.89716,609297.325948
POINT (-76.56953750808324 39.34945849605479),212,212,Garrett Heights,Pre-K - 8.,2800 Ailsa Avenue,21214,PK8,Traditional,1434067.21915,613151.004921
POINT (-76.60813828057962 39.360623907605614),213,213,Govans,Pre-K - 5.,5801 York Road,21212,ES,Traditional,1423133.61503,617168.690455
POINT (-76.6106973197997 39.343981397863814),214,214,Guilford,Pre-K - 8.,4520 York Road,21212,PK8,Traditional,1422435.893,611103.78723
POINT (-76.57059867605622 39.28981458529745),215,215,Highlandtown #215,Pre-K - 8.,3223 E. Pratt Street,21224,PK8,Traditional,1433869.31207,591425.373503
POINT (-76.67099293132738 39.303675481235864),217,217,Belmont,Pre-K - 5.,1406 N. Ellamont Street,21216,ES,Traditional,1405436.08284,596355.908262
POINT (-76.58119287831792 39.3635441200617),219,219,Yorkwood,Pre-K - 5.,5931 Yorkwood Road,21239,ES,Traditional,1430747.59095,618266.168903
POINT (-76.6507999535173 39.26290154506147),220,220,Morrell Park,Pre-K - 8.,2601 Tolley Street,21230,PK8,Traditional,1411207.09394,581526.07178
POINT (-76.65493532154656 39.3658092891581),221,221,Mount Washington,Pre-K - 5.,1801 Sulgrave Avenue,21209,ES,Traditional,1409894.51487,619003.99748
POINT (-76.66771354854993 39.347740781329314),223,223,Pimlico,Pre-K - 8.,4849 Pimlico Road,21215,PK8,Traditional,1406305.65985,612409.360735
POINT (-76.69924060484982 39.34221098844377),224,224,Grove Park,Pre-K - 8.,5545 Kennison Avenue,21215,PK8,Traditional,1397396.31513,610364.29199
POINT (-76.63765711962425 39.2621123066031),225,225,Westport,Pre-K - 8.,2401 Nevada Street,21230,PK8,Traditional,1414929.52514,581253.11268
POINT (-76.6736654579797 39.26753509104957),226,226,Violetville,Pre-K - 8.,1207 Pine Heights Avenue,21229,PK8,Traditional,1404726.86806,583189.783019
POINT (-76.55231881775518 39.284235719852944),228,228,John Ruhrah,Pre-K - 8.,701 S. Rappolla Street,21224,PK8,Traditional,1439053.09205,589418.249237
POINT (-76.53862884231944 39.275785295365466),229,229,Holabird,Pre-K - 8.,1500 Imla Street,21224,PK8,Traditional,1442943.67286,586359.670708
POINT (-76.56625699112243 39.32141729795471),231,231,Brehms Lane,Pre-K - 5.,3536 Brehms Lane,21213,ES,Traditional,1435043.46392,602941.848502
POINT (-76.69761281354734 39.295520246236485),232,232,Thomas Jefferson,Pre-K - 8.,605 Dryden Drive,21229,PK8,Traditional,1397913.02998,593359.462155
POINT (-76.63377166793573 39.35754211706477),233,233,Roland Park,K - 8.,5207 Roland Avenue,21210,ES/MS,Traditional,1415890.22795,616016.092038
POINT (-76.68405593738214 39.3504248673444),234,234,Arlington,Pre-K - 8.,3705 W. Rogers Avenue,21215,PK8,Traditional,1401680.58314,613370.595361
POINT (-76.54135412512879 39.351927051976624),235,235,Glenmount,Pre-K - 8.,6211 Walther Avenue,21206,PK8,Traditional,1442032.83806,614088.952192
POINT (-76.55763550453277 39.35981227652461),236,236,Hamilton,Pre-K - 8.,6101 Old Harford Road,21214,PK8,Traditional,1437414.78004,616938.311979
POINT (-76.56504372677948 39.289218945914016),237,237,Highlandtown #237,Pre-K - 8,231 S. Eaton Street,21224,PK8,Traditional,1435442.58385,591215.868017
POINT (-76.59350557053808 39.23267334667197),239,239,Benjamin Franklin #239 @ Masonville Cove,9-11,1201 Cambria Street,21225,HS,Traditional,1427478.55812,570583.364006
POINT (-76.53993926278049 39.28235583881185),240,240,Graceland Park / O'Donnell Heights,Pre-K - 8.,6300 O'Donnell Street,21224,PK8,Traditional,1442560.64606,588750.967107
POINT (-76.70542751257895 39.362117349359174),241,241,Fallstaff,Pre-K - 8.,3801 Fallstaff Road,21215,PK8,Traditional,1395623.09788,617609.234849
POINT (-76.58874704644755 39.35273407023308),242,242,Northwood,Pre-K - 5.,5201 Loch Raven Boulevard,21239,ES,Traditional,1428629.46494,614319.041955
POINT (-76.5527692931237 39.30473697743919),243,243,Armistead Garden,Pre-K - 8.,5001 E. Eager Street,21205,PK8,Traditional,1438888.99986,596884.773017
POINT (-76.591475079008 39.365312949396305),245,245,Leith Walk,Pre-K - 5.,1235 Sherwood Avenue,21239,ES,Traditional,1427837.52,618897.269019
POINT (-76.69344465717799 39.280739754475),246,246,Beechfield,Pre-K - 8.,301 S. Beechfield Avenue,21229,PK8,Traditional,1399110.74904,587979.891549
POINT (-76.68812057505501 39.36247916789855),247,247,Cross Country,Pre-K - 8.,6100 Cross Country Boulevard,21215,PK8,Traditional,1400516.13009,617757.277532
POINT (-76.56079458515046 39.315043187995336),248,248,Sinclair Lane,Pre-K - 5.,3880 Sinclair Lane,21213,ES,Traditional,1436599.99,600627.585086
POINT (-76.6425274818514 39.340810629569226),249,249,Medfield Heights,Pre-K - 5.,4300 Buchanan Avenue,21211,ES,Traditional,1413438.2591,609912.059299
POINT (-76.59866034957288 39.30672251242181),250,250,Dr. Bernard Harris Sr.,Pre-K - 5.,1400 N. Caroline Street,21213,ES,Traditional,1425899.82997,597547.610274
POINT (-76.67840433724254 39.3362520082909),251,251,Callaway,Pre-K - 5.,3701 Fernhill Avenue,21215,ES,Traditional,1403297.00412,608213.905215
POINT (-76.65686806625448 39.33311724235533),254,254,Dr. Martin Luther King Jr,Pre-K - 8.,3750 Greenspring Avenue,21211,PK8,Traditional,1409392.82493,607094.29164
POINT (-76.69404885917113 39.330322396665515),256,256,Calvin  M. Rodwell,Pre-K - 5.,3501 Hillsdale Road,21207,ES,Traditional,1398879.19012,606038.92072
POINT (-76.65676926530931 39.282357889662805),260,260,Frederick,Pre-K - 5.,2501 Frederick Avenue,21223,ES,Traditional,1409490.28504,588606.212147
POINT (-76.64960552948635 39.292482293725875),261,261,Lockerman Bundy,Pre-K - 5.,301 N. Pulaski Street,21223,ES,Traditional,1411503.93094,592301.524966
POINT (-76.65910200461924 39.29742961790904),202,262,Empowerment Academy,Pre-K - 8.,851 Braddish Avenue,21216,Charter,Charter,1408809.46914,594093.315674
POINT (-76.59429004943233 39.31344952824794),36,263,William C. March,6 - 8.,2050 N. Wolfe st,21213,MS,Traditional,1427125.58999,600003.266452
POINT (-76.65669430771982 39.31087316775245),301,301,William S. Baer School,Pre-K - 12.,2001 N. Warwick Avenue,21216,SPED,SPED,1409472.44387,598992.435797
POINT (-76.55374775022891 39.301185734916274),307,307,Claremont School,9 - 12.,5301 Erdman Avenue,21205,SPED,SPED,1438618.44496,595589.94982
POINT (-76.5875713636597 39.34698287194854),313,313,Lois T. Murray,Pre-K - 8.,1600 Arlington Avenue,21239,SPED,SPED,1428971.39207,612225.750209
POINT (-76.61887087898937 39.276502130885255),314,314,Sharp Leadenhall,K - 5.,150 W. West Street,21230,SPED,SPED,1420226.87511,586515.940081
POINT (-76.62213457638188 39.30794851966219),321,321,Midtown Academy,K - 8.,1398 Mount Royal Ave,21217,Charter,Charter,1419255.55291,597965.811866
POINT (-76.6429779653509 39.305690298395135),322,322,New Song Academy,Pre-K - 8.,1530 Presstman Street,21217,PK8,New Schools Initiative,1413360.87703,597119.556341
POINT (-76.59717631324715 39.28182230201764),323,323,The Crossroads School,6 - 8.,802 South Caroline Street,21231,Charter,Charter,1426359.78312,588480.065746
POINT (-76.65782997441289 39.34544277861354),82,324,Kipp Ujima Village Academy,5 - 8.,4701 Greenspring Avenue,21209,Charter,Charter,1409103.91015,611582.669803
POINT (-76.66431501929591 39.31788736653329),79,325,ConneXions Community Leadership Acad,6 - 12,2801 N. Dukeland St.,21216,Charter,Charter,1407306.76185,601539.218761
POINT (-76.53443442740685 39.348782149838655),326,326,City Neighbors Charter School,K - 8.,4301 Raspe Avenue,21206,Charter,Charter,1443995.46996,612953.375067
POINT (-76.57876191994905 39.292478227415025),327,327,Patterson Park Public Charter School,K - 8.,27 North Lakewood Avenue,21224,Charter,Charter,1431554.36099,592384.784314
POINT (-76.63843895614089 39.28177613094321),162,328,Southwest Baltimore Charter School,K-8,1300 Herkimer Street,21223,Charter,Charter,1414679.78516,588414.348357
POINT (-76.60047945631364 39.294039822484116),139,329,Inner Harbor East Academy,K-8,200 N. Central Avenue,21202,Charter,Charter,1425405.30012,592925.931854
POINT (-76.59176448744569 39.34573752983892),330,330,Northwood Appold Community Academy,K-5,4417 Loch Raven Boulevard,21218,Charter,Charter,1427787.58014,611766.822322
POINT (-76.65782997441289 39.34544277861354),82,331,MATHS (MD Academy of Technology & Health Sciences),6 - 12,4701 Greenspring Avenue,21209,Charter,Charter,1409103.91015,611582.669803
POINT (-76.57235350578289 39.32427862669836),332,332,The Green School,K - 5.,2800 Brendan Ave,21213,Charter,Charter,1433313.83089,603975.899583
POINT (-76.63644092102993 39.330915472428494),333,333,Independence School Local I,9 - 12.,1250 W. 36th Street,21211,Charter,Charter,1415174.0824,606314.696087
POINT (-76.59912005389688 39.30351695759635),26,334,Bluford Drew Jemison MST Academy,6 - 8,1130 N. Caroline Street,21213,Charter,Charter,1425774.87616,596379.476784
POINT (-76.53126618889172 39.36396752528557),335,335,Baltimore International Academy,K-8,3515 Taylor Ave,21236,Charter,Charter,1444863.04106,618489.010649
POINT (-76.61248378278319 39.30803876158805),32,336,Baltimore Montessori Public Charter School,Pre-K - 6.,1600 Guilford Ave,21202,Charter,Charter,1421986.22199,598010.128706
POINT (-76.57235350578289 39.32427862669836),332,337,Afya Public Chater School,6-8,2800 Brendan Ave,21213,Charter,Charter,1433313.83089,603975.899583
POINT (-76.56831103399317 39.28300256314407),230,338,"Friendship Academy of Math, Science and Technology",6-11,801 S Highland Ave,21202,TS,TS,1434528.52499,588947.296438
POINT (-76.56046050900801 39.36667059337472),93,339,Friendship Academy of Engineering & Technology,6-11,2500 E. Northern Pkwy,21214,TS,TS,1436603.96998,619432.504497
POINT (-76.584994164967 39.31834456099461),40,341,REACH! Partnership School,6-11,2801 St Lo Drive,21224,TS,TS,1429747.65988,601798.016144
POINT (-76.7053693200516 39.28491801464975),80,342,"KASA Knowledge, Achievement,  Success Acad",6-11,201 North Bend Rd,21229,TS,TS,1395730.30403,589490.62442
POINT (-76.6765395539391 39.31027306486719),411,343,Baltimore CIVITAS,6-11,2000 Edgewood St,21216,TS,TS,1403857.98593,598753.351957
POINT (-76.58711093164477 39.3146714503126),457,344,Baltimore Rising Star Academy,6 - 8.,2200 Sinclair Lane,21212,Alt,Alt,1429154.83495,600457.436476
POINT (-76.62484164806091 39.29847541396304),451,345,New Hope Academy,6 - 12.,900 Druid Hill Avenue,21201,SPED,SPED,1418503.73387,594512.253156
POINT (-76.55487233794463 39.35044675010212),41,346,City Neighbors Hamilton,K-4,5609 Sefton Ave,21214,Charter,Charter,1438212.71086,613530.850946
POINT (-76.66511851259422 39.33393054558253),38,347,KIPP Harmony,K-1,2810 Shirley Ave,21215,Charter,Charter,1407057.99889,607381.858651
POINT (-76.61802747712801 39.29518519711453),348,348,Baltimore Leadership School for Young Women,6-7,128 W. Franklin St,21201,TS,TS,1420437.15816,593321.853634
POINT (-76.56046050900801 39.36667059337472),93,349,NACA Freedom and Democracy Academy II,6-7,2500 E Northern Pkwy,21214,TS,TS,1436603.96998,619432.504497
POINT (-76.6765395539391 39.31027306486719),411,364,Bluford Drew Jemison STEM Academy West,"6-7, 9",2000 Edgewood St,21216,TS,TS,1403857.98593,598753.351957
POINT (-76.66431501929591 39.31788736653329),79,365,Baltimore Liberation Diploma Plus HS,N/A,2801 N. Dukeland Street,21216,TS,Alt,1407306.76185,601539.218761
POINT (-76.59302914405694 39.317551251048975),456,366,Baltimore Antioch Diploma Plus HS,N/A,2555 Harford Rd,21218,TS,Alt,1427475.69001,601498.832687
POINT (-76.53060420584198 39.28568262549329),255,367,Baltimore Community HS,N/A,6820 Fait Ave,21224,TS,Alt,1445196.82484,589976.125417
POINT (-76.59097866034361 39.30381493351338),101,368,East Baltimore Community School,"K-2, 5-6",1101 N Wolfe St.,21213,Contract,Contract,1428078.23703,596498.228515
POINT (-76.61027811053644 39.35756943602892),373,373,Tunbridge Public Charter School,K-3,5502 York Road,21212,Charter,Charter,1422533.32391,616053.548328
POINT (-76.54604564730656 39.32044967130755),170,374,Vanguard Collegiate MS,6,5001 Sinclair Lane,21206,TS,TS,1440763.15687,602617.209387
POINT (-76.55487233794463 39.35044675010212),41,376,City Neighbors HS,9,5609 Sefton Ave,21214,Charter,Charter,1438212.71086,613530.850946
POINT (-76.7053693200516 39.28491801464975),80,377,Green Street Academy,6-7,201 North Bend Rd,21229,TS,TS,1395730.30403,589490.62442
POINT (-76.60109460386387 39.355571227707415),46,378,Baltimore IT Academy,6-8,900 Woodbourne Ave,21212,TS,TS,1425133.26884,615336.944118
POINT (-76.6880670548026 39.29129179008375),400,400,Edmondson Westside,9 - 12.,501 Athol Ave,21229,HS,Traditional W/ CTE,1400619.86216,591828.417645
POINT (-76.70457717506211 39.36450912742685),401,401,Northwestern,9 - 12.,6900 Park Heights Avenue,21215,HS,Traditional,1395860.70895,618481.190783
POINT (-76.64339249438729 39.3470105941968),403,403,Baltimore Polytechnic Institute,9 - 12.,1400 W Cold Spring Lane,21209,HS,Entrance Crit,1413184.78487,612169.352356
POINT (-76.53664338321494 39.29284020399625),405,405,Patterson,9 - 12.,100 Kane Street,21224,HS,Traditional W/ CTE,1443474.20493,592574.38236
POINT (-76.68962557800826 39.332590763689744),406,406,Forest Park,9 - 12.,3701 Eldorado Avenue,21207,HS,Traditional,1400127.61085,606869.363613
POINT (-76.64339249438729 39.3470105941968),407,407,Western,9 - 12.,4600 Falls Road,21209,HS,Entrance Crit,1413184.78487,612169.352356
POINT (-76.5910678361912 39.33164335614338),410,410,Mergenthaler Vocactional Technical,9 - 12.,3500 Hillen Road,21218,HS,CTE,1428007.59708,606634.120317
POINT (-76.59302914405694 39.317551251048975),456,413,Achievement Academy @ Harbor City,9 - 12.,2555 Harford Road,21218,Alt,Alt,1427475.69001,601498.832687
POINT (-76.59863949102142 39.29551799440531),414,414,Paul Laurence Dunbar,9 - 12.,1400 Orleans St,21202,HS,Traditional,1425923.67507,593466.610234
POINT (-76.61740479808452 39.29813796388953),415,415,Baltimore School For The Arts,9 - 12.,712 Cathedral Street,21201,HS,Entrance Crit,1420608.87697,594398.078516
POINT (-76.60745273817199 39.27654867050883),416,416,Digital Harbor,9 - 12.,1100 Covington St.,21230,HS,Traditional,1423459.13505,586546.588313
POINT (-76.5707133431419 39.36582303357632),402,418,W.E.B. DuBois,9 - 12.,2201 Pinewood Avenue,21214,HS,Traditional,1433706.66804,619109.997268
POINT (-76.5707133431419 39.36582303357632),402,419,Reginald F. Lewis School,9 - 12.,6401 Pioneer Drive,21214,HS,Traditional,1433706.66804,619109.997268
POINT (-76.59805232136216 39.2969215026381),133,421,The National Academy Foundation,6 - 12.,500 N. Caroline Street,21230,MS/HS,Traditional,1426087.59994,593978.540969
POINT (-76.62115527745205 39.25282707451084),181,422,New Era Academy,"6-7, 9 - 12.",2700 Seamon Avenue,21225,TS,TS,1419615.97607,577890.157135
POINT (-76.59633601795801 39.28995746885601),57,423,Baltimore Freedom Academy,6 - 12,1601 E. Lombard Street,21231,Charter,Charter,1426584.53989,591444.177599
POINT (-76.584994164967 39.31834456099461),40,425,Heritage,"Pre-K, 9 - 12",2801 Saint Lo Drive,21213,HS,Traditional,1429747.65988,601798.016144
POINT (-76.63768450542183 39.33089572606996),56,427,Academy For College and Career Exploration,"6, 9 - 12.",1300 W. 36th Street,21211,TS,TS,1414822.33737,606306.105225
POINT (-76.64258604187367 39.29718721951757),78,428,Baltimore Talent Development,9 - 12.,1500 Harlem Avenue,21217,HS,Innovation HS,1413483.90599,594022.904069
POINT (-76.63996002071349 39.2902092944863),178,429,Vivien T. Thomas Medical Arts Academy,9 - 12.,100 N. Calhoun Street,21223,HS,Traditional,1414237.10789,591484.252979
POINT (-76.64258604187367 39.29718721951757),78,430,Augusta Fells Savage Institute of Visual Arts,9 - 12.,1500 Harlem Avenue,21217,HS,Traditional,1413483.90599,594022.904069
POINT (-76.54604564730656 39.32044967130755),170,431,Maritime Industries Academy,9 - 12.,5001 Sinclair Lane,21217,HS,Traditional,1440763.15687,602617.209387
POINT (-76.65876723181155 39.30995300099783),432,432,Coppin Academy,9 - 12.,2500 W. North Avenue,21216,Charter,Charter,1408887.16092,598655.082141
POINT (-76.62786626712052 39.30290218205807),130,433,Renaissance Academy,9 - 12.,1301 McCulloh Street,21217,HS,Innovation HS,1417641.19393,596121.115096
POINT (-76.66431501929591 39.31788736653329),79,435,Institute of Business and Entrepreneurship,9 - 12.,2801 N. Dukeland Street,21216,HS,Traditional,1407306.76185,601539.218761
POINT (-76.65502313511236 39.31482071945233),450,450,Frederick Douglass,9 - 12.,2301 Gwynns Falls Parkway,21217,HS,Traditional,1409939.8701,600432.04545
POINT (-76.65246431328033 39.30470903368173),454,454,Carver Vocational Technical,9 - 12.,2201 W Presstman Street,21216,HS,Entrance Crit,1410677.8719,596751.789688
POINT (-76.59697883373755 39.325706560784255),480,480,Baltimore City College,9 - 12.,3220 The Alameda,21218,HS,Entrance Crit,1426345.11616,604464.305102
